2026-04-13T09:26:30.984-05:00 DEBUG 161371 --- [01-WebFlux] [background-preinit] org.jboss.logging                        : Logging Provider: org.jboss.logging.Slf4jLoggerProvider found via system property
2026-04-13T09:26:30.993-05:00 DEBUG 161371 --- [01-WebFlux] [background-preinit] o.h.v.i.xml.config.ValidationXmlParser   : Trying to load META-INF/validation.xml for XML based Validator configuration.
2026-04-13T09:26:30.995-05:00 DEBUG 161371 --- [01-WebFlux] [background-preinit] o.h.v.i.xml.config.ResourceLoaderHelper  : Trying to load META-INF/validation.xml via TCCL
2026-04-13T09:26:30.999-05:00 DEBUG 161371 --- [01-WebFlux] [background-preinit] o.h.v.i.xml.config.ResourceLoaderHelper  : Trying to load META-INF/validation.xml via Hibernate Validator's class loader
2026-04-13T09:26:31.000-05:00 DEBUG 161371 --- [01-WebFlux] [background-preinit] o.h.v.i.xml.config.ValidationXmlParser   : No META-INF/validation.xml found. Using annotation based configuration only.
2026-04-13T09:26:31.003-05:00 DEBUG 161371 --- [01-WebFlux] [background-preinit] o.h.v.i.e.resolver.TraversableResolvers  : Cannot find jakarta.persistence.Persistence on classpath. Assuming non JPA 2 environment. All properties will per default be traversable.
2026-04-13T09:26:31.023-05:00 DEBUG 161371 --- [01-WebFlux] [background-preinit] .h.v.m.ResourceBundleMessageInterpolator : Loaded expression factory via original TCCL
2026-04-13T09:26:31.026-05:00  INFO 161371 --- [01-WebFlux] [main] com.example.webflux.Application          : Starting Application using Java 21.0.10 with PID 161371 (/home/bryan/Documents/github-repos/BR7-MARKETPLACE-BACKEND/target/classes started by bryan in /home/bryan/Documents/github-repos/BR7-MARKETPLACE-BACKEND)
2026-04-13T09:26:31.027-05:00 DEBUG 161371 --- [01-WebFlux] [main] com.example.webflux.Application          : Running with Spring Boot v3.5.7, Spring v6.2.12
2026-04-13T09:26:31.029-05:00  INFO 161371 --- [01-WebFlux] [main] com.example.webflux.Application          : The following 1 profile is active: "test"
2026-04-13T09:26:31.030-05:00 DEBUG 161371 --- [01-WebFlux] [main] o.s.boot.SpringApplication               : Loading source class com.example.webflux.Application
2026-04-13T09:26:31.072-05:00 DEBUG 161371 --- [01-WebFlux] [main] onfigReactiveWebServerApplicationContext : Refreshing org.springframework.boot.web.reactive.context.AnnotationConfigReactiveWebServerApplicationContext@4758820d
2026-04-13T09:26:31.084-05:00 DEBUG 161371 --- [01-WebFlux] [main] o.s.b.f.s.DefaultListableBeanFactory     : Creating shared instance of singleton bean 'org.springframework.context.annotation.internalConfigurationAnnotationProcessor'
2026-04-13T09:26:31.095-05:00 DEBUG 161371 --- [01-WebFlux] [main] o.s.b.f.s.DefaultListableBeanFactory     : Creating shared instance of singleton bean 'org.springframework.boot.autoconfigure.internalCachingMetadataReaderFactory'
2026-04-13T09:26:31.100-05:00 DEBUG 161371 --- [01-WebFlux] [background-preinit] .i.e.ValidatorFactoryConfigurationHelper : HV000252: Using org.hibernate.validator.internal.engine.DefaultPropertyNodeNameProvider as property node name provider.
2026-04-13T09:26:31.105-05:00 DEBUG 161371 --- [01-WebFlux] [background-preinit] .i.e.ValidatorFactoryConfigurationHelper : HV000234: Using org.hibernate.validator.messageinterpolation.ResourceBundleMessageInterpolator as ValidatorFactory-scoped message interpolator.
2026-04-13T09:26:31.107-05:00 DEBUG 161371 --- [01-WebFlux] [background-preinit] .i.e.ValidatorFactoryConfigurationHelper : HV000234: Using org.hibernate.validator.internal.engine.resolver.TraverseAllTraversableResolver as ValidatorFactory-scoped traversable resolver.
2026-04-13T09:26:31.107-05:00 DEBUG 161371 --- [01-WebFlux] [background-preinit] .i.e.ValidatorFactoryConfigurationHelper : HV000234: Using org.hibernate.validator.internal.util.ExecutableParameterNameProvider as ValidatorFactory-scoped parameter name provider.
2026-04-13T09:26:31.107-05:00 DEBUG 161371 --- [01-WebFlux] [background-preinit] .i.e.ValidatorFactoryConfigurationHelper : HV000234: Using org.hibernate.validator.internal.engine.DefaultClockProvider as ValidatorFactory-scoped clock provider.
2026-04-13T09:26:31.108-05:00 DEBUG 161371 --- [01-WebFlux] [background-preinit] .i.e.ValidatorFactoryConfigurationHelper : HV000234: Using org.hibernate.validator.internal.engine.scripting.DefaultScriptEvaluatorFactory as ValidatorFactory-scoped script evaluator factory.
2026-04-13T09:26:31.170-05:00 DEBUG 161371 --- [01-WebFlux] [main] o.s.c.a.ClassPathBeanDefinitionScanner   : Identified candidate component class: file [/home/bryan/Documents/github-repos/BR7-MARKETPLACE-BACKEND/target/classes/com/example/webflux/application/AssetsMedia/orchestator/AssetsMediaUseCaseImp.class]
2026-04-13T09:26:31.172-05:00 DEBUG 161371 --- [01-WebFlux] [main] o.s.c.a.ClassPathBeanDefinitionScanner   : Identified candidate component class: file [/home/bryan/Documents/github-repos/BR7-MARKETPLACE-BACKEND/target/classes/com/example/webflux/application/Authorization/orchestators/AuthorizationRolUseCaseImp.class]
2026-04-13T09:26:31.181-05:00 DEBUG 161371 --- [01-WebFlux] [main] o.s.c.a.ClassPathBeanDefinitionScanner   : Identified candidate component class: file [/home/bryan/Documents/github-repos/BR7-MARKETPLACE-BACKEND/target/classes/com/example/webflux/application/auth/orchestator/AuthUseCaseImp.class]
2026-04-13T09:26:31.186-05:00 DEBUG 161371 --- [01-WebFlux] [main] o.s.c.a.ClassPathBeanDefinitionScanner   : Identified candidate component class: file [/home/bryan/Documents/github-repos/BR7-MARKETPLACE-BACKEND/target/classes/com/example/webflux/application/emailVerificationToken/orchestator/EmailVerifyTokenUseCaseImp.class]
2026-04-13T09:26:31.195-05:00 DEBUG 161371 --- [01-WebFlux] [main] o.s.c.a.ClassPathBeanDefinitionScanner   : Identified candidate component class: file [/home/bryan/Documents/github-repos/BR7-MARKETPLACE-BACKEND/target/classes/com/example/webflux/application/listings/orchestator/ListingUseCaseImp.class]
2026-04-13T09:26:31.197-05:00 DEBUG 161371 --- [01-WebFlux] [main] o.s.c.a.ClassPathBeanDefinitionScanner   : Identified candidate component class: file [/home/bryan/Documents/github-repos/BR7-MARKETPLACE-BACKEND/target/classes/com/example/webflux/application/orders/orchestator/OrderUseCaseImp.class]
2026-04-13T09:26:31.202-05:00 DEBUG 161371 --- [01-WebFlux] [main] o.s.c.a.ClassPathBeanDefinitionScanner   : Identified candidate component class: file [/home/bryan/Documents/github-repos/BR7-MARKETPLACE-BACKEND/target/classes/com/example/webflux/application/products/orchestator/ProductUseCaseImp.class]
2026-04-13T09:26:31.203-05:00 DEBUG 161371 --- [01-WebFlux] [main] o.s.c.a.ClassPathBeanDefinitionScanner   : Identified candidate component class: file [/home/bryan/Documents/github-repos/BR7-MARKETPLACE-BACKEND/target/classes/com/example/webflux/application/refreshToken/orchestrator/RefreshTokenUseCaseImp.class]
2026-04-13T09:26:31.209-05:00 DEBUG 161371 --- [01-WebFlux] [main] o.s.c.a.ClassPathBeanDefinitionScanner   : Identified candidate component class: file [/home/bryan/Documents/github-repos/BR7-MARKETPLACE-BACKEND/target/classes/com/example/webflux/infrastructure/AssetsMedia/adapter/CloudinaryMediaStorageAdapter.class]
2026-04-13T09:26:31.212-05:00 DEBUG 161371 --- [01-WebFlux] [main] o.s.c.a.ClassPathBeanDefinitionScanner   : Identified candidate component class: file [/home/bryan/Documents/github-repos/BR7-MARKETPLACE-BACKEND/target/classes/com/example/webflux/infrastructure/AssetsMedia/controller/AssetsMediaController.class]
2026-04-13T09:26:31.213-05:00 DEBUG 161371 --- [01-WebFlux] [main] o.s.c.a.ClassPathBeanDefinitionScanner   : Identified candidate component class: file [/home/bryan/Documents/github-repos/BR7-MARKETPLACE-BACKEND/target/classes/com/example/webflux/infrastructure/AssetsMedia/controller/FileParserConverter.class]
2026-04-13T09:26:31.218-05:00 DEBUG 161371 --- [01-WebFlux] [main] o.s.c.a.ClassPathBeanDefinitionScanner   : Identified candidate component class: file [/home/bryan/Documents/github-repos/BR7-MARKETPLACE-BACKEND/target/classes/com/example/webflux/infrastructure/Autorization/repository/R2dbcRolRepositoryAdapter.class]
2026-04-13T09:26:31.219-05:00 DEBUG 161371 --- [01-WebFlux] [main] o.s.c.a.ClassPathBeanDefinitionScanner   : Identified candidate component class: file [/home/bryan/Documents/github-repos/BR7-MARKETPLACE-BACKEND/target/classes/com/example/webflux/infrastructure/Autorization/repository/R2dbcRolUserRepositoryAdapter.class]
2026-04-13T09:26:31.236-05:00 DEBUG 161371 --- [01-WebFlux] [main] o.s.c.a.ClassPathBeanDefinitionScanner   : Identified candidate component class: file [/home/bryan/Documents/github-repos/BR7-MARKETPLACE-BACKEND/target/classes/com/example/webflux/infrastructure/auth/controller/AuthController.class]
2026-04-13T09:26:31.238-05:00 DEBUG 161371 --- [01-WebFlux] [main] o.s.c.a.ClassPathBeanDefinitionScanner   : Identified candidate component class: file [/home/bryan/Documents/github-repos/BR7-MARKETPLACE-BACKEND/target/classes/com/example/webflux/infrastructure/auth/repository/R2dbcUserRepositoryAdapter.class]
2026-04-13T09:26:31.239-05:00 DEBUG 161371 --- [01-WebFlux] [main] o.s.c.a.ClassPathBeanDefinitionScanner   : Identified candidate component class: file [/home/bryan/Documents/github-repos/BR7-MARKETPLACE-BACKEND/target/classes/com/example/webflux/infrastructure/config/Base64Config.class]
2026-04-13T09:26:31.248-05:00 DEBUG 161371 --- [01-WebFlux] [main] o.s.c.a.ClassPathBeanDefinitionScanner   : Identified candidate component class: file [/home/bryan/Documents/github-repos/BR7-MARKETPLACE-BACKEND/target/classes/com/example/webflux/infrastructure/config/CloudinaryConfig.class]
2026-04-13T09:26:31.249-05:00 DEBUG 161371 --- [01-WebFlux] [main] o.s.c.a.ClassPathBeanDefinitionScanner   : Identified candidate component class: file [/home/bryan/Documents/github-repos/BR7-MARKETPLACE-BACKEND/target/classes/com/example/webflux/infrastructure/config/HashService.class]
2026-04-13T09:26:31.250-05:00 DEBUG 161371 --- [01-WebFlux] [main] o.s.c.a.ClassPathBeanDefinitionScanner   : Identified candidate component class: file [/home/bryan/Documents/github-repos/BR7-MARKETPLACE-BACKEND/target/classes/com/example/webflux/infrastructure/config/JacksonConfig.class]
2026-04-13T09:26:31.250-05:00 DEBUG 161371 --- [01-WebFlux] [main] o.s.c.a.ClassPathBeanDefinitionScanner   : Identified candidate component class: file [/home/bryan/Documents/github-repos/BR7-MARKETPLACE-BACKEND/target/classes/com/example/webflux/infrastructure/config/KeyConfig.class]
2026-04-13T09:26:31.251-05:00 DEBUG 161371 --- [01-WebFlux] [main] o.s.c.a.ClassPathBeanDefinitionScanner   : Identified candidate component class: file [/home/bryan/Documents/github-repos/BR7-MARKETPLACE-BACKEND/target/classes/com/example/webflux/infrastructure/config/ResendConfig.class]
2026-04-13T09:26:31.252-05:00 DEBUG 161371 --- [01-WebFlux] [main] o.s.c.a.ClassPathBeanDefinitionScanner   : Identified candidate component class: file [/home/bryan/Documents/github-repos/BR7-MARKETPLACE-BACKEND/target/classes/com/example/webflux/infrastructure/config/SecurityConfig.class]
2026-04-13T09:26:31.253-05:00 DEBUG 161371 --- [01-WebFlux] [main] o.s.c.a.ClassPathBeanDefinitionScanner   : Identified candidate component class: file [/home/bryan/Documents/github-repos/BR7-MARKETPLACE-BACKEND/target/classes/com/example/webflux/infrastructure/emailVerificationToken/adapters/ResendEmailAdapter.class]
2026-04-13T09:26:31.254-05:00 DEBUG 161371 --- [01-WebFlux] [main] o.s.c.a.ClassPathBeanDefinitionScanner   : Identified candidate component class: file [/home/bryan/Documents/github-repos/BR7-MARKETPLACE-BACKEND/target/classes/com/example/webflux/infrastructure/emailVerificationToken/controller/EmailVerificationTokenController.class]
2026-04-13T09:26:31.255-05:00 DEBUG 161371 --- [01-WebFlux] [main] o.s.c.a.ClassPathBeanDefinitionScanner   : Identified candidate component class: file [/home/bryan/Documents/github-repos/BR7-MARKETPLACE-BACKEND/target/classes/com/example/webflux/infrastructure/emailVerificationToken/repository/R2dbcEmailVerificationTokenAdapter.class]
2026-04-13T09:26:31.257-05:00 DEBUG 161371 --- [01-WebFlux] [main] o.s.c.a.ClassPathBeanDefinitionScanner   : Identified candidate component class: file [/home/bryan/Documents/github-repos/BR7-MARKETPLACE-BACKEND/target/classes/com/example/webflux/infrastructure/listings/controller/ListingController.class]
2026-04-13T09:26:31.262-05:00 DEBUG 161371 --- [01-WebFlux] [main] o.s.c.a.ClassPathBeanDefinitionScanner   : Identified candidate component class: file [/home/bryan/Documents/github-repos/BR7-MARKETPLACE-BACKEND/target/classes/com/example/webflux/infrastructure/listings/repository/R2dbcListingRepositoryAdapter.class]
2026-04-13T09:26:31.266-05:00 DEBUG 161371 --- [01-WebFlux] [main] o.s.c.a.ClassPathBeanDefinitionScanner   : Identified candidate component class: file [/home/bryan/Documents/github-repos/BR7-MARKETPLACE-BACKEND/target/classes/com/example/webflux/infrastructure/orders/controller/OrderController.class]
2026-04-13T09:26:31.268-05:00 DEBUG 161371 --- [01-WebFlux] [main] o.s.c.a.ClassPathBeanDefinitionScanner   : Identified candidate component class: file [/home/bryan/Documents/github-repos/BR7-MARKETPLACE-BACKEND/target/classes/com/example/webflux/infrastructure/orders/repository/R2dbcOrderRepositoryAdapter.class]
2026-04-13T09:26:31.270-05:00 DEBUG 161371 --- [01-WebFlux] [main] o.s.c.a.ClassPathBeanDefinitionScanner   : Identified candidate component class: file [/home/bryan/Documents/github-repos/BR7-MARKETPLACE-BACKEND/target/classes/com/example/webflux/infrastructure/products/controller/ProductController.class]
2026-04-13T09:26:31.271-05:00 DEBUG 161371 --- [01-WebFlux] [main] o.s.c.a.ClassPathBeanDefinitionScanner   : Identified candidate component class: file [/home/bryan/Documents/github-repos/BR7-MARKETPLACE-BACKEND/target/classes/com/example/webflux/infrastructure/products/repository/R2dbcProductRepositoryAdapter.class]
2026-04-13T09:26:31.272-05:00 DEBUG 161371 --- [01-WebFlux] [main] o.s.c.a.ClassPathBeanDefinitionScanner   : Identified candidate component class: file [/home/bryan/Documents/github-repos/BR7-MARKETPLACE-BACKEND/target/classes/com/example/webflux/infrastructure/refreshToken/repository/R2dbcRefreshTokenRepositoryAdapter.class]
2026-04-13T09:26:31.273-05:00 DEBUG 161371 --- [01-WebFlux] [main] o.s.c.a.ClassPathBeanDefinitionScanner   : Identified candidate component class: file [/home/bryan/Documents/github-repos/BR7-MARKETPLACE-BACKEND/target/classes/com/example/webflux/infrastructure/security/BearerTokenServerAuthenticationConverter.class]
2026-04-13T09:26:31.274-05:00 DEBUG 161371 --- [01-WebFlux] [main] o.s.c.a.ClassPathBeanDefinitionScanner   : Identified candidate component class: file [/home/bryan/Documents/github-repos/BR7-MARKETPLACE-BACKEND/target/classes/com/example/webflux/infrastructure/security/CustomReactiveUserDetailsServiceImp.class]
2026-04-13T09:26:31.275-05:00 DEBUG 161371 --- [01-WebFlux] [main] o.s.c.a.ClassPathBeanDefinitionScanner   : Identified candidate component class: file [/home/bryan/Documents/github-repos/BR7-MARKETPLACE-BACKEND/target/classes/com/example/webflux/infrastructure/security/adapters/UserJwtAdapter.class]
2026-04-13T09:26:31.276-05:00 DEBUG 161371 --- [01-WebFlux] [main] o.s.c.a.ClassPathBeanDefinitionScanner   : Identified candidate component class: file [/home/bryan/Documents/github-repos/BR7-MARKETPLACE-BACKEND/target/classes/com/example/webflux/infrastructure/security/adapters/UserSecurityAdapter.class]
2026-04-13T09:26:31.277-05:00 DEBUG 161371 --- [01-WebFlux] [main] o.s.c.a.ClassPathBeanDefinitionScanner   : Identified candidate component class: file [/home/bryan/Documents/github-repos/BR7-MARKETPLACE-BACKEND/target/classes/com/example/webflux/infrastructure/security/jwt/JwtService.class]
2026-04-13T09:26:31.278-05:00 DEBUG 161371 --- [01-WebFlux] [main] o.s.c.a.ClassPathBeanDefinitionScanner   : Identified candidate component class: file [/home/bryan/Documents/github-repos/BR7-MARKETPLACE-BACKEND/target/classes/com/example/webflux/infrastructure/test/StatusController.class]
2026-04-13T09:26:31.284-05:00 DEBUG 161371 --- [01-WebFlux] [main] o.s.c.a.ClassPathBeanDefinitionScanner   : Identified candidate component class: file [/home/bryan/Documents/github-repos/BR7-MARKETPLACE-BACKEND/target/classes/com/example/webflux/infrastructure/zGlobalExceptionInfraestructure/web/AuthGlobalAdviceExceptions.class]
2026-04-13T09:26:31.286-05:00 DEBUG 161371 --- [01-WebFlux] [main] o.s.c.a.ClassPathBeanDefinitionScanner   : Identified candidate component class: file [/home/bryan/Documents/github-repos/BR7-MARKETPLACE-BACKEND/target/classes/com/example/webflux/infrastructure/zGlobalExceptionInfraestructure/web/AuthorizationAdviceExceptions.class]
2026-04-13T09:26:31.287-05:00 DEBUG 161371 --- [01-WebFlux] [main] o.s.c.a.ClassPathBeanDefinitionScanner   : Identified candidate component class: file [/home/bryan/Documents/github-repos/BR7-MARKETPLACE-BACKEND/target/classes/com/example/webflux/infrastructure/zGlobalExceptionInfraestructure/web/EmailGlobalAdviceExceptions.class]
2026-04-13T09:26:31.288-05:00 DEBUG 161371 --- [01-WebFlux] [main] o.s.c.a.ClassPathBeanDefinitionScanner   : Identified candidate component class: file [/home/bryan/Documents/github-repos/BR7-MARKETPLACE-BACKEND/target/classes/com/example/webflux/infrastructure/zGlobalExceptionInfraestructure/web/HttpGlobalAdviceExceptions.class]
2026-04-13T09:26:31.289-05:00 DEBUG 161371 --- [01-WebFlux] [main] o.s.c.a.ClassPathBeanDefinitionScanner   : Identified candidate component class: file [/home/bryan/Documents/github-repos/BR7-MARKETPLACE-BACKEND/target/classes/com/example/webflux/infrastructure/zGlobalExceptionInfraestructure/web/ListingGlobalAdviceException.class]
2026-04-13T09:26:31.291-05:00 DEBUG 161371 --- [01-WebFlux] [main] o.s.c.a.ClassPathBeanDefinitionScanner   : Identified candidate component class: file [/home/bryan/Documents/github-repos/BR7-MARKETPLACE-BACKEND/target/classes/com/example/webflux/infrastructure/zGlobalExceptionInfraestructure/web/ProductGlobalAdviceExceptions.class]
2026-04-13T09:26:31.537-05:00 DEBUG 161371 --- [01-WebFlux] [main] ySourcesPropertyResolver$DefaultResolver : Found key 'DB_R2DBC_URL' in PropertySource 'systemEnvironment' with value of type String
2026-04-13T09:26:31.733-05:00 DEBUG 161371 --- [01-WebFlux] [main] ySourcesPropertyResolver$DefaultResolver : Found key 'DB_R2DBC_URL' in PropertySource 'systemEnvironment' with value of type String
2026-04-13T09:26:31.736-05:00 DEBUG 161371 --- [01-WebFlux] [main] ySourcesPropertyResolver$DefaultResolver : Found key 'DB_R2DBC_URL' in PropertySource 'systemEnvironment' with value of type String
2026-04-13T09:26:31.758-05:00  INFO 161371 --- [01-WebFlux] [main] .s.d.r.c.RepositoryConfigurationDelegate : Bootstrapping Spring Data R2DBC repositories in DEFAULT mode.
2026-04-13T09:26:31.762-05:00 DEBUG 161371 --- [01-WebFlux] [main] o.s.b.f.s.DefaultListableBeanFactory     : Creating shared instance of singleton bean 'org.springframework.boot.autoconfigure.AutoConfigurationPackages'
2026-04-13T09:26:31.767-05:00 DEBUG 161371 --- [01-WebFlux] [main] o.s.b.a.AutoConfigurationPackages        : @EnableAutoConfiguration was declared on a class in the package 'com.example.webflux'. Automatic @Repository and @Entity scanning is enabled.
2026-04-13T09:26:31.768-05:00 DEBUG 161371 --- [01-WebFlux] [main] .s.d.r.c.RepositoryConfigurationDelegate : Scanning for R2DBC repositories in packages com.example.webflux.
2026-04-13T09:26:31.792-05:00 DEBUG 161371 --- [01-WebFlux] [main] o.s.d.r.c.RepositoryComponentProvider    : Identified candidate component class: file [/home/bryan/Documents/github-repos/BR7-MARKETPLACE-BACKEND/target/classes/com/example/webflux/infrastructure/AssetsMedia/repository/postgres/R2dbcPostgresAssetsMediaRepository.class]
2026-04-13T09:26:31.793-05:00 DEBUG 161371 --- [01-WebFlux] [main] o.s.d.r.c.RepositoryComponentProvider    : Identified candidate component class: file [/home/bryan/Documents/github-repos/BR7-MARKETPLACE-BACKEND/target/classes/com/example/webflux/infrastructure/Autorization/repository/postgres/R2dbcPostgresRolRepository.class]
2026-04-13T09:26:31.793-05:00 DEBUG 161371 --- [01-WebFlux] [main] o.s.d.r.c.RepositoryComponentProvider    : Identified candidate component class: file [/home/bryan/Documents/github-repos/BR7-MARKETPLACE-BACKEND/target/classes/com/example/webflux/infrastructure/Autorization/repository/postgres/R2dbcPostgresRolUserRepository.class]
2026-04-13T09:26:31.793-05:00 DEBUG 161371 --- [01-WebFlux] [main] o.s.d.r.c.RepositoryComponentProvider    : Identified candidate component class: file [/home/bryan/Documents/github-repos/BR7-MARKETPLACE-BACKEND/target/classes/com/example/webflux/infrastructure/auth/repository/postgres/R2dbcPostgresUserRepository.class]
2026-04-13T09:26:31.794-05:00 DEBUG 161371 --- [01-WebFlux] [main] o.s.d.r.c.RepositoryComponentProvider    : Identified candidate component class: file [/home/bryan/Documents/github-repos/BR7-MARKETPLACE-BACKEND/target/classes/com/example/webflux/infrastructure/emailVerificationToken/repository/postgres/R2dbcPostgresEmailVerificationTokenRepository.class]
2026-04-13T09:26:31.794-05:00 DEBUG 161371 --- [01-WebFlux] [main] o.s.d.r.c.RepositoryComponentProvider    : Identified candidate component class: file [/home/bryan/Documents/github-repos/BR7-MARKETPLACE-BACKEND/target/classes/com/example/webflux/infrastructure/listings/repository/postgres/R2dbcPostgresListingRepository.class]
2026-04-13T09:26:31.794-05:00 DEBUG 161371 --- [01-WebFlux] [main] o.s.d.r.c.RepositoryComponentProvider    : Identified candidate component class: file [/home/bryan/Documents/github-repos/BR7-MARKETPLACE-BACKEND/target/classes/com/example/webflux/infrastructure/orders/repository/postgres/R2dbcPostgresOrderRepository.class]
2026-04-13T09:26:31.794-05:00 DEBUG 161371 --- [01-WebFlux] [main] o.s.d.r.c.RepositoryComponentProvider    : Identified candidate component class: file [/home/bryan/Documents/github-repos/BR7-MARKETPLACE-BACKEND/target/classes/com/example/webflux/infrastructure/products/repository/postgres/R2dbcPostgresProductRepository.class]
2026-04-13T09:26:31.794-05:00 DEBUG 161371 --- [01-WebFlux] [main] o.s.d.r.c.RepositoryComponentProvider    : Identified candidate component class: file [/home/bryan/Documents/github-repos/BR7-MARKETPLACE-BACKEND/target/classes/com/example/webflux/infrastructure/refreshToken/repository/postgres/R2dbcPostgresRefreshTokenRepository.class]
2026-04-13T09:26:31.901-05:00  INFO 161371 --- [01-WebFlux] [main] .s.d.r.c.RepositoryConfigurationDelegate : Finished Spring Data repository scanning in 132 ms. Found 9 R2DBC repository interfaces.
2026-04-13T09:26:31.904-05:00 DEBUG 161371 --- [01-WebFlux] [main] ySourcesPropertyResolver$DefaultResolver : Found key 'DB_JDBC_URL' in PropertySource 'systemEnvironment' with value of type String
2026-04-13T09:26:32.018-05:00 DEBUG 161371 --- [01-WebFlux] [main] o.s.b.f.s.DefaultListableBeanFactory     : Creating shared instance of singleton bean 'propertySourcesPlaceholderConfigurer'
2026-04-13T09:26:32.021-05:00 DEBUG 161371 --- [01-WebFlux] [main] o.s.b.f.s.DefaultListableBeanFactory     : Creating shared instance of singleton bean 'org.springframework.boot.sql.init.dependency.DatabaseInitializationDependencyConfigurer$DependsOnDatabaseInitializationPostProcessor'
2026-04-13T09:26:32.046-05:00 DEBUG 161371 --- [01-WebFlux] [main] o.s.b.f.s.DefaultListableBeanFactory     : Creating shared instance of singleton bean 'org.springframework.context.event.internalEventListenerProcessor'
2026-04-13T09:26:32.047-05:00 DEBUG 161371 --- [01-WebFlux] [main] o.s.b.f.s.DefaultListableBeanFactory     : Creating shared instance of singleton bean 'forceAutoProxyCreatorToUseClassProxying'
2026-04-13T09:26:32.048-05:00 DEBUG 161371 --- [01-WebFlux] [main] o.s.b.f.s.DefaultListableBeanFactory     : Creating shared instance of singleton bean 'conversionServicePostProcessor'
2026-04-13T09:26:32.065-05:00 DEBUG 161371 --- [01-WebFlux] [main] o.s.b.f.s.DefaultListableBeanFactory     : Creating shared instance of singleton bean 'bootstrapExecutorAliasPostProcessor'
2026-04-13T09:26:32.066-05:00 DEBUG 161371 --- [01-WebFlux] [main] o.s.b.f.s.DefaultListableBeanFactory     : Creating shared instance of singleton bean 'org.springframework.context.event.internalEventListenerFactory'
2026-04-13T09:26:32.066-05:00 DEBUG 161371 --- [01-WebFlux] [main] o.s.b.f.s.DefaultListableBeanFactory     : Creating shared instance of singleton bean 'org.springframework.transaction.config.internalTransactionalEventListenerFactory'
2026-04-13T09:26:32.068-05:00 DEBUG 161371 --- [01-WebFlux] [main] o.s.b.f.s.DefaultListableBeanFactory     : Creating shared instance of singleton bean 'org.springframework.context.annotation.internalAutowiredAnnotationProcessor'
2026-04-13T09:26:32.069-05:00 DEBUG 161371 --- [01-WebFlux] [main] o.s.b.f.s.DefaultListableBeanFactory     : Creating shared instance of singleton bean 'org.springframework.context.annotation.internalCommonAnnotationProcessor'
2026-04-13T09:26:32.072-05:00 DEBUG 161371 --- [01-WebFlux] [main] o.s.b.f.s.DefaultListableBeanFactory     : Creating shared instance of singleton bean 'org.springframework.boot.context.properties.ConfigurationPropertiesBindingPostProcessor'
2026-04-13T09:26:32.073-05:00 DEBUG 161371 --- [01-WebFlux] [main] o.s.b.f.s.DefaultListableBeanFactory     : Creating shared instance of singleton bean 'org.springframework.boot.context.internalConfigurationPropertiesBinder'
2026-04-13T09:26:32.074-05:00 DEBUG 161371 --- [01-WebFlux] [main] o.s.b.f.s.DefaultListableBeanFactory     : Creating shared instance of singleton bean 'org.springframework.aop.config.internalAutoProxyCreator'
2026-04-13T09:26:32.081-05:00 DEBUG 161371 --- [01-WebFlux] [main] o.s.b.f.s.DefaultListableBeanFactory     : Creating shared instance of singleton bean 'methodValidationPostProcessor'
2026-04-13T09:26:32.084-05:00 DEBUG 161371 --- [01-WebFlux] [main] o.s.b.f.s.DefaultListableBeanFactory     : Autowiring by type from bean name 'methodValidationPostProcessor' via factory method to bean named 'environment'
2026-04-13T09:26:32.095-05:00 DEBUG 161371 --- [01-WebFlux] [main] o.s.b.f.s.DefaultListableBeanFactory     : Creating shared instance of singleton bean 'org.springframework.boot.context.properties.EnableConfigurationPropertiesRegistrar.methodValidationExcludeFilter'
2026-04-13T09:26:32.104-05:00 DEBUG 161371 --- [01-WebFlux] [main] o.s.b.f.s.DefaultListableBeanFactory     : Creating shared instance of singleton bean 'persistenceExceptionTranslationPostProcessor'
2026-04-13T09:26:32.105-05:00 DEBUG 161371 --- [01-WebFlux] [main] o.s.b.f.s.DefaultListableBeanFactory     : Autowiring by type from bean name 'persistenceExceptionTranslationPostProcessor' via factory method to bean named 'environment'
2026-04-13T09:26:32.107-05:00 DEBUG 161371 --- [01-WebFlux] [main] o.s.b.f.s.DefaultListableBeanFactory     : Creating shared instance of singleton bean 'webServerFactoryCustomizerBeanPostProcessor'
2026-04-13T09:26:32.109-05:00 DEBUG 161371 --- [01-WebFlux] [main] o.s.b.f.s.DefaultListableBeanFactory     : Creating shared instance of singleton bean 'nettyReactiveWebServerFactory'
2026-04-13T09:26:32.110-05:00 DEBUG 161371 --- [01-WebFlux] [main] o.s.b.f.s.DefaultListableBeanFactory     : Creating shared instance of singleton bean 'org.springframework.boot.autoconfigure.web.reactive.ReactiveWebServerFactoryConfiguration$EmbeddedNetty'
2026-04-13T09:26:32.110-05:00 DEBUG 161371 --- [01-WebFlux] [main] o.s.b.f.s.DefaultListableBeanFactory     : Creating shared instance of singleton bean 'preFilterAuthorizationAdvisor'
2026-04-13T09:26:32.111-05:00 DEBUG 161371 --- [01-WebFlux] [main] o.s.b.f.s.DefaultListableBeanFactory     : Creating shared instance of singleton bean 'preFilterAuthorizationMethodInterceptor'
2026-04-13T09:26:32.122-05:00 DEBUG 161371 --- [01-WebFlux] [main] o.s.b.f.s.DefaultListableBeanFactory     : Creating shared instance of singleton bean 'preAuthorizeAuthorizationAdvisor'
2026-04-13T09:26:32.123-05:00 DEBUG 161371 --- [01-WebFlux] [main] o.s.b.f.s.DefaultListableBeanFactory     : Creating shared instance of singleton bean 'preAuthorizeAuthorizationMethodInterceptor'
2026-04-13T09:26:32.123-05:00 DEBUG 161371 --- [01-WebFlux] [main] o.s.b.f.s.DefaultListableBeanFactory     : Creating shared instance of singleton bean 'postFilterAuthorizationAdvisor'
2026-04-13T09:26:32.124-05:00 DEBUG 161371 --- [01-WebFlux] [main] o.s.b.f.s.DefaultListableBeanFactory     : Creating shared instance of singleton bean 'postFilterAuthorizationMethodInterceptor'
2026-04-13T09:26:32.133-05:00 DEBUG 161371 --- [01-WebFlux] [main] o.s.b.f.s.DefaultListableBeanFactory     : Creating shared instance of singleton bean 'postAuthorizeAuthorizationAdvisor'
2026-04-13T09:26:32.134-05:00 DEBUG 161371 --- [01-WebFlux] [main] o.s.b.f.s.DefaultListableBeanFactory     : Creating shared instance of singleton bean 'postAuthorizeAuthorizationMethodInterceptor'
2026-04-13T09:26:32.134-05:00 DEBUG 161371 --- [01-WebFlux] [main] o.s.b.f.s.DefaultListableBeanFactory     : Creating shared instance of singleton bean 'authorizeReturnObjectAdvisor'
2026-04-13T09:26:32.134-05:00 DEBUG 161371 --- [01-WebFlux] [main] o.s.b.f.s.DefaultListableBeanFactory     : Creating shared instance of singleton bean 'authorizeReturnObjectMethodInterceptor'
2026-04-13T09:26:32.136-05:00 DEBUG 161371 --- [01-WebFlux] [main] o.s.b.f.s.DefaultListableBeanFactory     : Creating shared instance of singleton bean 'org.springframework.transaction.config.internalTransactionAdvisor'
2026-04-13T09:26:32.136-05:00 DEBUG 161371 --- [01-WebFlux] [main] o.s.b.f.s.DefaultListableBeanFactory     : Creating shared instance of singleton bean 'org.springframework.transaction.annotation.ProxyTransactionManagementConfiguration'
2026-04-13T09:26:32.142-05:00 DEBUG 161371 --- [01-WebFlux] [main] o.s.b.f.s.DefaultListableBeanFactory     : Creating shared instance of singleton bean 'transactionAttributeSource'
2026-04-13T09:26:32.148-05:00 DEBUG 161371 --- [01-WebFlux] [main] o.s.b.f.s.DefaultListableBeanFactory     : Creating shared instance of singleton bean 'transactionInterceptor'
2026-04-13T09:26:32.148-05:00 DEBUG 161371 --- [01-WebFlux] [main] o.s.b.f.s.DefaultListableBeanFactory     : Autowiring by type from bean name 'transactionInterceptor' via factory method to bean named 'transactionAttributeSource'
2026-04-13T09:26:32.152-05:00 DEBUG 161371 --- [01-WebFlux] [main] o.s.b.f.s.DefaultListableBeanFactory     : Autowiring by type from bean name 'org.springframework.transaction.config.internalTransactionAdvisor' via factory method to bean named 'transactionAttributeSource'
2026-04-13T09:26:32.152-05:00 DEBUG 161371 --- [01-WebFlux] [main] o.s.b.f.s.DefaultListableBeanFactory     : Autowiring by type from bean name 'org.springframework.transaction.config.internalTransactionAdvisor' via factory method to bean named 'transactionInterceptor'
2026-04-13T09:26:32.156-05:00 DEBUG 161371 --- [01-WebFlux] [main] o.s.b.f.s.DefaultListableBeanFactory     : Creating shared instance of singleton bean 'reactorResourceFactory'
2026-04-13T09:26:32.156-05:00 DEBUG 161371 --- [01-WebFlux] [main] o.s.b.f.s.DefaultListableBeanFactory     : Creating shared instance of singleton bean 'org.springframework.boot.autoconfigure.reactor.netty.ReactorNettyConfigurations$ReactorResourceFactoryConfiguration'
2026-04-13T09:26:32.158-05:00 DEBUG 161371 --- [01-WebFlux] [main] o.s.b.f.s.DefaultListableBeanFactory     : Creating shared instance of singleton bean 'spring.reactor.netty-org.springframework.boot.autoconfigure.reactor.netty.ReactorNettyProperties'
2026-04-13T09:26:32.158-05:00 DEBUG 161371 --- [01-WebFlux] [main] o.s.b.f.s.DefaultListableBeanFactory     : Creating shared instance of singleton bean 'org.springframework.boot.context.properties.BoundConfigurationProperties'
2026-04-13T09:26:32.163-05:00 DEBUG 161371 --- [01-WebFlux] [main] o.s.b.f.s.DefaultListableBeanFactory     : Creating shared instance of singleton bean 'stringOrNumberMigrationVersionConverter'
2026-04-13T09:26:32.167-05:00 DEBUG 161371 --- [01-WebFlux] [main] o.s.b.f.s.DefaultListableBeanFactory     : Autowiring by type from bean name 'reactorResourceFactory' via factory method to bean named 'spring.reactor.netty-org.springframework.boot.autoconfigure.reactor.netty.ReactorNettyProperties'
2026-04-13T09:26:32.173-05:00 DEBUG 161371 --- [01-WebFlux] [main] o.s.b.f.s.DefaultListableBeanFactory     : Autowiring by type from bean name 'nettyReactiveWebServerFactory' via factory method to bean named 'reactorResourceFactory'
2026-04-13T09:26:32.178-05:00 DEBUG 161371 --- [01-WebFlux] [main] o.s.b.f.s.DefaultListableBeanFactory     : Creating shared instance of singleton bean 'reactiveWebServerFactoryCustomizer'
2026-04-13T09:26:32.179-05:00 DEBUG 161371 --- [01-WebFlux] [main] o.s.b.f.s.DefaultListableBeanFactory     : Creating shared instance of singleton bean 'org.springframework.boot.autoconfigure.web.reactive.ReactiveWebServerFactoryAutoConfiguration'
2026-04-13T09:26:32.180-05:00 DEBUG 161371 --- [01-WebFlux] [main] o.s.b.f.s.DefaultListableBeanFactory     : Creating shared instance of singleton bean 'server-org.springframework.boot.autoconfigure.web.ServerProperties'
2026-04-13T09:26:32.189-05:00 DEBUG 161371 --- [01-WebFlux] [main] o.s.b.f.s.DefaultListableBeanFactory     : Autowiring by type from bean name 'reactiveWebServerFactoryCustomizer' via factory method to bean named 'server-org.springframework.boot.autoconfigure.web.ServerProperties'
2026-04-13T09:26:32.189-05:00 DEBUG 161371 --- [01-WebFlux] [main] o.s.b.f.s.DefaultListableBeanFactory     : Creating shared instance of singleton bean 'sslBundleRegistry'
2026-04-13T09:26:32.190-05:00 DEBUG 161371 --- [01-WebFlux] [main] o.s.b.f.s.DefaultListableBeanFactory     : Creating shared instance of singleton bean 'org.springframework.boot.autoconfigure.ssl.SslAutoConfiguration'
2026-04-13T09:26:32.190-05:00 DEBUG 161371 --- [01-WebFlux] [main] o.s.b.f.s.DefaultListableBeanFactory     : Creating shared instance of singleton bean 'spring.ssl-org.springframework.boot.autoconfigure.ssl.SslProperties'
2026-04-13T09:26:32.192-05:00 DEBUG 161371 --- [01-WebFlux] [main] o.s.b.f.s.DefaultListableBeanFactory     : Autowiring by type from bean name 'org.springframework.boot.autoconfigure.ssl.SslAutoConfiguration' via constructor to bean named 'org.springframework.boot.web.reactive.context.AnnotationConfigReactiveWebServerApplicationContext@4758820d'
2026-04-13T09:26:32.192-05:00 DEBUG 161371 --- [01-WebFlux] [main] o.s.b.f.s.DefaultListableBeanFactory     : Autowiring by type from bean name 'org.springframework.boot.autoconfigure.ssl.SslAutoConfiguration' via constructor to bean named 'spring.ssl-org.springframework.boot.autoconfigure.ssl.SslProperties'
2026-04-13T09:26:32.195-05:00 DEBUG 161371 --- [01-WebFlux] [main] o.s.b.f.s.DefaultListableBeanFactory     : Creating shared instance of singleton bean 'sslPropertiesSslBundleRegistrar'
2026-04-13T09:26:32.196-05:00 DEBUG 161371 --- [01-WebFlux] [main] o.s.b.f.s.DefaultListableBeanFactory     : Creating shared instance of singleton bean 'fileWatcher'
2026-04-13T09:26:32.198-05:00 DEBUG 161371 --- [01-WebFlux] [main] o.s.b.f.s.DefaultListableBeanFactory     : Autowiring by type from bean name 'sslPropertiesSslBundleRegistrar' via factory method to bean named 'fileWatcher'
2026-04-13T09:26:32.204-05:00 DEBUG 161371 --- [01-WebFlux] [main] o.s.b.f.s.DefaultListableBeanFactory     : Creating shared instance of singleton bean 'nettyWebServerFactoryCustomizer'
2026-04-13T09:26:32.205-05:00 DEBUG 161371 --- [01-WebFlux] [main] o.s.b.f.s.DefaultListableBeanFactory     : Creating shared instance of singleton bean 'org.springframework.boot.autoconfigure.web.embedded.EmbeddedWebServerFactoryCustomizerAutoConfiguration$NettyWebServerFactoryCustomizerConfiguration'
2026-04-13T09:26:32.206-05:00 DEBUG 161371 --- [01-WebFlux] [main] o.s.b.f.s.DefaultListableBeanFactory     : Autowiring by type from bean name 'nettyWebServerFactoryCustomizer' via factory method to bean named 'environment'
2026-04-13T09:26:32.206-05:00 DEBUG 161371 --- [01-WebFlux] [main] o.s.b.f.s.DefaultListableBeanFactory     : Autowiring by type from bean name 'nettyWebServerFactoryCustomizer' via factory method to bean named 'server-org.springframework.boot.autoconfigure.web.ServerProperties'
2026-04-13T09:26:32.225-05:00 DEBUG 161371 --- [01-WebFlux] [main] reactor.util.Loggers                     : Using Slf4j logging framework
2026-04-13T09:26:32.243-05:00 DEBUG 161371 --- [01-WebFlux] [main] i.n.u.i.logging.InternalLoggerFactory    : Using SLF4J as the default logging framework
2026-04-13T09:26:32.244-05:00 DEBUG 161371 --- [01-WebFlux] [main] i.n.util.internal.PlatformDependent0     : Java version: 21
2026-04-13T09:26:32.244-05:00 DEBUG 161371 --- [01-WebFlux] [main] i.n.util.internal.PlatformDependent0     : -Dio.netty.noUnsafe: false
2026-04-13T09:26:32.246-05:00 DEBUG 161371 --- [01-WebFlux] [main] i.n.util.internal.PlatformDependent0     : sun.misc.Unsafe.theUnsafe: available
2026-04-13T09:26:32.246-05:00 DEBUG 161371 --- [01-WebFlux] [main] i.n.util.internal.PlatformDependent0     : sun.misc.Unsafe base methods: all available
2026-04-13T09:26:32.246-05:00 DEBUG 161371 --- [01-WebFlux] [main] i.n.util.internal.PlatformDependent0     : sun.misc.Unsafe.storeFence: available
2026-04-13T09:26:32.247-05:00 DEBUG 161371 --- [01-WebFlux] [main] i.n.util.internal.PlatformDependent0     : java.nio.Buffer.address: available
2026-04-13T09:26:32.247-05:00 DEBUG 161371 --- [01-WebFlux] [main] i.n.util.internal.PlatformDependent0     : direct buffer constructor: unavailable: Reflective setAccessible(true) disabled
2026-04-13T09:26:32.248-05:00 DEBUG 161371 --- [01-WebFlux] [main] i.n.util.internal.PlatformDependent0     : java.nio.Bits.unaligned: available, true
2026-04-13T09:26:32.249-05:00 DEBUG 161371 --- [01-WebFlux] [main] i.n.util.internal.PlatformDependent0     : jdk.internal.misc.Unsafe.allocateUninitializedArray(int): unavailable: class io.netty.util.internal.PlatformDependent0$7 cannot access class jdk.internal.misc.Unsafe (in module java.base) because module java.base does not export jdk.internal.misc to unnamed module @73d4cc9e
2026-04-13T09:26:32.249-05:00 DEBUG 161371 --- [01-WebFlux] [main] i.n.util.internal.PlatformDependent0     : java.nio.DirectByteBuffer.<init>(long, {int,long}): unavailable
2026-04-13T09:26:32.249-05:00 DEBUG 161371 --- [01-WebFlux] [main] i.netty.util.internal.PlatformDependent  : sun.misc.Unsafe: available
2026-04-13T09:26:32.250-05:00 DEBUG 161371 --- [01-WebFlux] [main] i.netty.util.internal.PlatformDependent  : -Dio.netty.tmpdir: /tmp (java.io.tmpdir)
2026-04-13T09:26:32.250-05:00 DEBUG 161371 --- [01-WebFlux] [main] i.netty.util.internal.PlatformDependent  : -Dio.netty.bitMode: 64 (sun.arch.data.model)
2026-04-13T09:26:32.250-05:00 DEBUG 161371 --- [01-WebFlux] [main] i.netty.util.internal.PlatformDependent  : -Dio.netty.maxDirectMemory: -1 bytes
2026-04-13T09:26:32.250-05:00 DEBUG 161371 --- [01-WebFlux] [main] i.netty.util.internal.PlatformDependent  : -Dio.netty.uninitializedArrayAllocationThreshold: -1
2026-04-13T09:26:32.251-05:00 DEBUG 161371 --- [01-WebFlux] [main] io.netty.util.internal.CleanerJava9      : java.nio.ByteBuffer.cleaner(): available
2026-04-13T09:26:32.251-05:00 DEBUG 161371 --- [01-WebFlux] [main] i.netty.util.internal.PlatformDependent  : -Dio.netty.noPreferDirect: false
2026-04-13T09:26:32.263-05:00 DEBUG 161371 --- [01-WebFlux] [main] i.n.u.internal.InternalThreadLocalMap    : -Dio.netty.threadLocalMap.stringBuilder.initialSize: 1024
2026-04-13T09:26:32.263-05:00 DEBUG 161371 --- [01-WebFlux] [main] i.n.u.internal.InternalThreadLocalMap    : -Dio.netty.threadLocalMap.stringBuilder.maxSize: 4096
2026-04-13T09:26:32.279-05:00 DEBUG 161371 --- [01-WebFlux] [main] io.netty.util.ResourceLeakDetector       : -Dio.netty.leakDetection.level: simple
2026-04-13T09:26:32.279-05:00 DEBUG 161371 --- [01-WebFlux] [main] io.netty.util.ResourceLeakDetector       : -Dio.netty.leakDetection.targetRecords: 4
2026-04-13T09:26:32.311-05:00 DEBUG 161371 --- [01-WebFlux] [main] i.n.util.concurrent.GlobalEventExecutor  : -Dio.netty.globalEventExecutor.quietPeriodSeconds: 1
2026-04-13T09:26:32.316-05:00 DEBUG 161371 --- [01-WebFlux] [main] o.s.b.f.s.DefaultListableBeanFactory     : Creating shared instance of singleton bean 'applicationTaskExecutor'
2026-04-13T09:26:32.316-05:00 DEBUG 161371 --- [01-WebFlux] [main] o.s.b.f.s.DefaultListableBeanFactory     : Creating shared instance of singleton bean 'org.springframework.boot.autoconfigure.task.TaskExecutorConfigurations$TaskExecutorConfiguration'
2026-04-13T09:26:32.317-05:00 DEBUG 161371 --- [01-WebFlux] [main] o.s.b.f.s.DefaultListableBeanFactory     : Creating shared instance of singleton bean 'threadPoolTaskExecutorBuilder'
2026-04-13T09:26:32.317-05:00 DEBUG 161371 --- [01-WebFlux] [main] o.s.b.f.s.DefaultListableBeanFactory     : Creating shared instance of singleton bean 'org.springframework.boot.autoconfigure.task.TaskExecutorConfigurations$ThreadPoolTaskExecutorBuilderConfiguration'
2026-04-13T09:26:32.318-05:00 DEBUG 161371 --- [01-WebFlux] [main] o.s.b.f.s.DefaultListableBeanFactory     : Creating shared instance of singleton bean 'spring.task.execution-org.springframework.boot.autoconfigure.task.TaskExecutionProperties'
2026-04-13T09:26:32.319-05:00 DEBUG 161371 --- [01-WebFlux] [main] o.s.b.f.s.DefaultListableBeanFactory     : Autowiring by type from bean name 'threadPoolTaskExecutorBuilder' via factory method to bean named 'spring.task.execution-org.springframework.boot.autoconfigure.task.TaskExecutionProperties'
2026-04-13T09:26:32.322-05:00 DEBUG 161371 --- [01-WebFlux] [main] o.s.b.f.s.DefaultListableBeanFactory     : Autowiring by type from bean name 'applicationTaskExecutor' via factory method to bean named 'threadPoolTaskExecutorBuilder'
2026-04-13T09:26:32.327-05:00 DEBUG 161371 --- [01-WebFlux] [main] o.s.s.concurrent.ThreadPoolTaskExecutor  : Initializing ExecutorService 'applicationTaskExecutor'
2026-04-13T09:26:32.338-05:00 DEBUG 161371 --- [01-WebFlux] [main] o.s.b.f.s.DefaultListableBeanFactory     : Creating shared instance of singleton bean 'application'
2026-04-13T09:26:32.340-05:00 DEBUG 161371 --- [01-WebFlux] [main] o.s.b.f.s.DefaultListableBeanFactory     : Creating shared instance of singleton bean 'assetsMediaUseCaseImp'
2026-04-13T09:26:32.341-05:00 DEBUG 161371 --- [01-WebFlux] [main] o.s.b.f.s.DefaultListableBeanFactory     : Creating shared instance of singleton bean 'r2dbcListingRepositoryAdapter'
2026-04-13T09:26:32.342-05:00 DEBUG 161371 --- [01-WebFlux] [main] o.s.b.f.s.DefaultListableBeanFactory     : Creating shared instance of singleton bean 'r2dbcPostgresListingRepository'
2026-04-13T09:26:32.343-05:00 DEBUG 161371 --- [01-WebFlux] [main] o.s.b.f.s.DefaultListableBeanFactory     : Creating shared instance of singleton bean 'r2dbc.named-queries#8'
2026-04-13T09:26:32.346-05:00 DEBUG 161371 --- [01-WebFlux] [main] o.s.b.f.s.DefaultListableBeanFactory     : Creating shared instance of singleton bean 'r2dbc.R2dbcPostgresListingRepository.fragments#0'
2026-04-13T09:26:32.350-05:00 DEBUG 161371 --- [01-WebFlux] [main] o.s.b.f.s.DefaultListableBeanFactory     : Creating shared instance of singleton bean 'r2dbcEntityTemplate'
2026-04-13T09:26:32.350-05:00 DEBUG 161371 --- [01-WebFlux] [main] o.s.b.f.s.DefaultListableBeanFactory     : Creating shared instance of singleton bean 'org.springframework.boot.autoconfigure.data.r2dbc.R2dbcDataAutoConfiguration'
2026-04-13T09:26:32.351-05:00 DEBUG 161371 --- [01-WebFlux] [main] o.s.b.f.s.DefaultListableBeanFactory     : Creating shared instance of singleton bean 'r2dbcDatabaseClient'
2026-04-13T09:26:32.351-05:00 DEBUG 161371 --- [01-WebFlux] [main] o.s.b.f.s.DefaultListableBeanFactory     : Creating shared instance of singleton bean 'org.springframework.boot.autoconfigure.r2dbc.ConnectionFactoryDependentConfiguration'
2026-04-13T09:26:32.352-05:00 DEBUG 161371 --- [01-WebFlux] [main] o.s.b.f.s.DefaultListableBeanFactory     : Creating shared instance of singleton bean 'connectionFactory'
2026-04-13T09:26:32.352-05:00 DEBUG 161371 --- [01-WebFlux] [main] o.s.b.f.s.DefaultListableBeanFactory     : Creating shared instance of singleton bean 'org.springframework.boot.autoconfigure.r2dbc.ConnectionFactoryConfigurations$PoolConfiguration$PooledConnectionFactoryConfiguration'
2026-04-13T09:26:32.353-05:00 DEBUG 161371 --- [01-WebFlux] [main] o.s.b.f.s.DefaultListableBeanFactory     : Creating shared instance of singleton bean 'spring.r2dbc-org.springframework.boot.autoconfigure.r2dbc.R2dbcProperties'
2026-04-13T09:26:32.358-05:00 DEBUG 161371 --- [01-WebFlux] [main] o.s.b.f.s.DefaultListableBeanFactory     : Autowiring by type from bean name 'connectionFactory' via factory method to bean named 'spring.r2dbc-org.springframework.boot.autoconfigure.r2dbc.R2dbcProperties'
2026-04-13T09:26:32.358-05:00 DEBUG 161371 --- [01-WebFlux] [main] o.s.b.f.s.DefaultListableBeanFactory     : Autowiring by type from bean name 'connectionFactory' via factory method to bean named 'org.springframework.boot.web.reactive.context.AnnotationConfigReactiveWebServerApplicationContext@4758820d'
2026-04-13T09:26:32.360-05:00 DEBUG 161371 --- [01-WebFlux] [main] o.s.b.f.s.DefaultListableBeanFactory     : Creating shared instance of singleton bean 'propertiesR2dbcConnectionDetails'
2026-04-13T09:26:32.360-05:00 DEBUG 161371 --- [01-WebFlux] [main] o.s.b.f.s.DefaultListableBeanFactory     : Creating shared instance of singleton bean 'org.springframework.boot.autoconfigure.r2dbc.R2dbcAutoConfiguration'
2026-04-13T09:26:32.361-05:00 DEBUG 161371 --- [01-WebFlux] [main] o.s.b.f.s.DefaultListableBeanFactory     : Autowiring by type from bean name 'propertiesR2dbcConnectionDetails' via factory method to bean named 'spring.r2dbc-org.springframework.boot.autoconfigure.r2dbc.R2dbcProperties'
2026-04-13T09:26:32.381-05:00 DEBUG 161371 --- [01-WebFlux] [main] io.r2dbc.postgresql.Extensions           : Discovering Extensions using ServiceLoader
2026-04-13T09:26:32.382-05:00 DEBUG 161371 --- [01-WebFlux] [main] io.r2dbc.postgresql.Extensions           : Registering extension io.r2dbc.postgresql.codec.BuiltinDynamicCodecs
2026-04-13T09:26:32.405-05:00 DEBUG 161371 --- [01-WebFlux] [main] o.s.b.f.s.DefaultListableBeanFactory     : Autowiring by type from bean name 'r2dbcDatabaseClient' via factory method to bean named 'connectionFactory'
2026-04-13T09:26:32.412-05:00 DEBUG 161371 --- [01-WebFlux] [main] o.s.b.f.s.DefaultListableBeanFactory     : Autowiring by type from bean name 'org.springframework.boot.autoconfigure.data.r2dbc.R2dbcDataAutoConfiguration' via constructor to bean named 'r2dbcDatabaseClient'
2026-04-13T09:26:32.426-05:00 DEBUG 161371 --- [01-WebFlux] [main] o.s.b.f.s.DefaultListableBeanFactory     : Creating shared instance of singleton bean 'r2dbcConverter'
2026-04-13T09:26:32.427-05:00 DEBUG 161371 --- [01-WebFlux] [main] o.s.b.f.s.DefaultListableBeanFactory     : Creating shared instance of singleton bean 'r2dbcMappingContext'
2026-04-13T09:26:32.427-05:00 DEBUG 161371 --- [01-WebFlux] [main] o.s.b.f.s.DefaultListableBeanFactory     : Creating shared instance of singleton bean 'r2dbcCustomConversions'
2026-04-13T09:26:32.445-05:00 DEBUG 161371 --- [01-WebFlux] [main] o.s.data.convert.CustomConversions       : Adding converter from class io.r2dbc.postgresql.codec.Point to class org.springframework.data.geo.Point as reading converter
2026-04-13T09:26:32.446-05:00 DEBUG 161371 --- [01-WebFlux] [main] o.s.data.convert.CustomConversions       : Adding converter from class org.springframework.data.geo.Point to class io.r2dbc.postgresql.codec.Point as writing converter
2026-04-13T09:26:32.446-05:00 DEBUG 161371 --- [01-WebFlux] [main] o.s.data.convert.CustomConversions       : Adding converter from class io.r2dbc.postgresql.codec.Circle to class org.springframework.data.geo.Circle as reading converter
2026-04-13T09:26:32.446-05:00 DEBUG 161371 --- [01-WebFlux] [main] o.s.data.convert.CustomConversions       : Adding converter from class org.springframework.data.geo.Circle to class io.r2dbc.postgresql.codec.Circle as writing converter
2026-04-13T09:26:32.446-05:00 DEBUG 161371 --- [01-WebFlux] [main] o.s.data.convert.CustomConversions       : Adding converter from class io.r2dbc.postgresql.codec.Box to class org.springframework.data.geo.Box as reading converter
2026-04-13T09:26:32.446-05:00 DEBUG 161371 --- [01-WebFlux] [main] o.s.data.convert.CustomConversions       : Adding converter from class org.springframework.data.geo.Box to class io.r2dbc.postgresql.codec.Box as writing converter
2026-04-13T09:26:32.446-05:00 DEBUG 161371 --- [01-WebFlux] [main] o.s.data.convert.CustomConversions       : Adding converter from class io.r2dbc.postgresql.codec.Polygon to class org.springframework.data.geo.Polygon as reading converter
2026-04-13T09:26:32.446-05:00 DEBUG 161371 --- [01-WebFlux] [main] o.s.data.convert.CustomConversions       : Adding converter from class org.springframework.data.geo.Polygon to class io.r2dbc.postgresql.codec.Polygon as writing converter
2026-04-13T09:26:32.446-05:00 DEBUG 161371 --- [01-WebFlux] [main] o.s.data.convert.CustomConversions       : Adding converter from class io.r2dbc.postgresql.codec.Json to class [B as reading converter
2026-04-13T09:26:32.446-05:00 DEBUG 161371 --- [01-WebFlux] [main] o.s.data.convert.CustomConversions       : Adding converter from class io.r2dbc.postgresql.codec.Json to class java.lang.String as reading converter
2026-04-13T09:26:32.446-05:00 DEBUG 161371 --- [01-WebFlux] [main] o.s.data.convert.CustomConversions       : Adding converter from interface io.r2dbc.spi.Row to class java.lang.Boolean as reading converter
2026-04-13T09:26:32.446-05:00 DEBUG 161371 --- [01-WebFlux] [main] o.s.data.convert.CustomConversions       : Adding converter from interface io.r2dbc.spi.Row to class java.lang.Number as reading converter
2026-04-13T09:26:32.446-05:00 DEBUG 161371 --- [01-WebFlux] [main] o.s.data.convert.CustomConversions       : Adding converter from interface io.r2dbc.spi.Row to class java.time.LocalDate as reading converter
2026-04-13T09:26:32.446-05:00 DEBUG 161371 --- [01-WebFlux] [main] o.s.data.convert.CustomConversions       : Adding converter from interface io.r2dbc.spi.Row to class java.time.LocalDateTime as reading converter
2026-04-13T09:26:32.446-05:00 DEBUG 161371 --- [01-WebFlux] [main] o.s.data.convert.CustomConversions       : Adding converter from interface io.r2dbc.spi.Row to class java.time.LocalTime as reading converter
2026-04-13T09:26:32.446-05:00 DEBUG 161371 --- [01-WebFlux] [main] o.s.data.convert.CustomConversions       : Adding converter from interface io.r2dbc.spi.Row to class java.time.OffsetDateTime as reading converter
2026-04-13T09:26:32.446-05:00 DEBUG 161371 --- [01-WebFlux] [main] o.s.data.convert.CustomConversions       : Adding converter from interface io.r2dbc.spi.Row to class java.lang.String as reading converter
2026-04-13T09:26:32.446-05:00 DEBUG 161371 --- [01-WebFlux] [main] o.s.data.convert.CustomConversions       : Adding converter from interface io.r2dbc.spi.Row to class java.util.UUID as reading converter
2026-04-13T09:26:32.447-05:00 DEBUG 161371 --- [01-WebFlux] [main] o.s.data.convert.CustomConversions       : Adding converter from interface io.r2dbc.spi.Row to class java.time.ZonedDateTime as reading converter
2026-04-13T09:26:32.447-05:00 DEBUG 161371 --- [01-WebFlux] [main] o.s.data.convert.CustomConversions       : Adding converter from class java.util.Date to class java.time.LocalDateTime as reading converter
2026-04-13T09:26:32.447-05:00 DEBUG 161371 --- [01-WebFlux] [main] o.s.data.convert.CustomConversions       : Adding converter from class java.time.LocalDateTime to class java.util.Date as writing converter
2026-04-13T09:26:32.447-05:00 DEBUG 161371 --- [01-WebFlux] [main] o.s.data.convert.CustomConversions       : Adding converter from class java.util.Date to class java.time.LocalDate as reading converter
2026-04-13T09:26:32.447-05:00 DEBUG 161371 --- [01-WebFlux] [main] o.s.data.convert.CustomConversions       : Adding converter from class java.time.LocalDate to class java.util.Date as writing converter
2026-04-13T09:26:32.447-05:00 DEBUG 161371 --- [01-WebFlux] [main] o.s.data.convert.CustomConversions       : Adding converter from class java.util.Date to class java.time.LocalTime as reading converter
2026-04-13T09:26:32.447-05:00 DEBUG 161371 --- [01-WebFlux] [main] o.s.data.convert.CustomConversions       : Adding converter from class java.time.LocalTime to class java.util.Date as writing converter
2026-04-13T09:26:32.447-05:00 DEBUG 161371 --- [01-WebFlux] [main] o.s.data.convert.CustomConversions       : Adding converter from class java.util.Date to class java.time.Instant as reading converter
2026-04-13T09:26:32.447-05:00 DEBUG 161371 --- [01-WebFlux] [main] o.s.data.convert.CustomConversions       : Adding converter from class java.time.Instant to class java.util.Date as writing converter
2026-04-13T09:26:32.447-05:00 DEBUG 161371 --- [01-WebFlux] [main] o.s.data.convert.CustomConversions       : Adding converter from class java.time.LocalDateTime to class java.time.Instant as reading converter
2026-04-13T09:26:32.447-05:00 DEBUG 161371 --- [01-WebFlux] [main] o.s.data.convert.CustomConversions       : Adding converter from class java.time.Instant to class java.time.LocalDateTime as reading converter
2026-04-13T09:26:32.447-05:00 DEBUG 161371 --- [01-WebFlux] [main] o.s.data.convert.CustomConversions       : Adding converter from class java.time.ZoneId to class java.lang.String as writing converter
2026-04-13T09:26:32.447-05:00 DEBUG 161371 --- [01-WebFlux] [main] o.s.data.convert.CustomConversions       : Adding converter from class java.lang.String to class java.time.ZoneId as reading converter
2026-04-13T09:26:32.447-05:00 DEBUG 161371 --- [01-WebFlux] [main] o.s.data.convert.CustomConversions       : Adding converter from class java.time.Duration to class java.lang.String as writing converter
2026-04-13T09:26:32.447-05:00 DEBUG 161371 --- [01-WebFlux] [main] o.s.data.convert.CustomConversions       : Adding converter from class java.lang.String to class java.time.Duration as reading converter
2026-04-13T09:26:32.447-05:00 DEBUG 161371 --- [01-WebFlux] [main] o.s.data.convert.CustomConversions       : Adding converter from class java.time.Period to class java.lang.String as writing converter
2026-04-13T09:26:32.447-05:00 DEBUG 161371 --- [01-WebFlux] [main] o.s.data.convert.CustomConversions       : Adding converter from class java.lang.String to class java.time.Period as reading converter
2026-04-13T09:26:32.447-05:00 DEBUG 161371 --- [01-WebFlux] [main] o.s.data.convert.CustomConversions       : Adding converter from class java.lang.String to class java.time.LocalDate as reading converter
2026-04-13T09:26:32.447-05:00 DEBUG 161371 --- [01-WebFlux] [main] o.s.data.convert.CustomConversions       : Adding converter from class java.lang.String to class java.time.LocalDateTime as reading converter
2026-04-13T09:26:32.447-05:00 DEBUG 161371 --- [01-WebFlux] [main] o.s.data.convert.CustomConversions       : Adding converter from class java.lang.String to class java.time.Instant as reading converter
2026-04-13T09:26:32.449-05:00 DEBUG 161371 --- [01-WebFlux] [main] o.s.b.f.s.DefaultListableBeanFactory     : Creating shared instance of singleton bean 'r2dbcManagedTypes'
2026-04-13T09:26:32.450-05:00 DEBUG 161371 --- [01-WebFlux] [main] o.s.b.f.s.DefaultListableBeanFactory     : Autowiring by type from bean name 'r2dbcManagedTypes' via factory method to bean named 'org.springframework.boot.web.reactive.context.AnnotationConfigReactiveWebServerApplicationContext@4758820d'
2026-04-13T09:26:32.466-05:00 DEBUG 161371 --- [01-WebFlux] [main] ssPathScanningCandidateComponentProvider : Identified candidate component class: file [/home/bryan/Documents/github-repos/BR7-MARKETPLACE-BACKEND/target/classes/com/example/webflux/infrastructure/AssetsMedia/persistence/AssetsMediaEntity.class]
2026-04-13T09:26:32.467-05:00 DEBUG 161371 --- [01-WebFlux] [main] ssPathScanningCandidateComponentProvider : Identified candidate component class: file [/home/bryan/Documents/github-repos/BR7-MARKETPLACE-BACKEND/target/classes/com/example/webflux/infrastructure/Autorization/persistence/permissions/PermissionModelEntity.class]
2026-04-13T09:26:32.467-05:00 DEBUG 161371 --- [01-WebFlux] [main] ssPathScanningCandidateComponentProvider : Identified candidate component class: file [/home/bryan/Documents/github-repos/BR7-MARKETPLACE-BACKEND/target/classes/com/example/webflux/infrastructure/Autorization/persistence/rols/RolModelEntity.class]
2026-04-13T09:26:32.467-05:00 DEBUG 161371 --- [01-WebFlux] [main] ssPathScanningCandidateComponentProvider : Identified candidate component class: file [/home/bryan/Documents/github-repos/BR7-MARKETPLACE-BACKEND/target/classes/com/example/webflux/infrastructure/Autorization/persistence/rols/RolPermissionsEntity.class]
2026-04-13T09:26:32.467-05:00 DEBUG 161371 --- [01-WebFlux] [main] ssPathScanningCandidateComponentProvider : Identified candidate component class: file [/home/bryan/Documents/github-repos/BR7-MARKETPLACE-BACKEND/target/classes/com/example/webflux/infrastructure/Autorization/persistence/rols/RolsUsersEntity.class]
2026-04-13T09:26:32.467-05:00 DEBUG 161371 --- [01-WebFlux] [main] ssPathScanningCandidateComponentProvider : Identified candidate component class: file [/home/bryan/Documents/github-repos/BR7-MARKETPLACE-BACKEND/target/classes/com/example/webflux/infrastructure/auth/persistence/UserModelEntity.class]
2026-04-13T09:26:32.467-05:00 DEBUG 161371 --- [01-WebFlux] [main] ssPathScanningCandidateComponentProvider : Identified candidate component class: file [/home/bryan/Documents/github-repos/BR7-MARKETPLACE-BACKEND/target/classes/com/example/webflux/infrastructure/emailVerificationToken/persistence/EmailVerificationTokenEntity.class]
2026-04-13T09:26:32.467-05:00 DEBUG 161371 --- [01-WebFlux] [main] ssPathScanningCandidateComponentProvider : Identified candidate component class: file [/home/bryan/Documents/github-repos/BR7-MARKETPLACE-BACKEND/target/classes/com/example/webflux/infrastructure/listings/persistence/ListingEntity.class]
2026-04-13T09:26:32.467-05:00 DEBUG 161371 --- [01-WebFlux] [main] ssPathScanningCandidateComponentProvider : Identified candidate component class: file [/home/bryan/Documents/github-repos/BR7-MARKETPLACE-BACKEND/target/classes/com/example/webflux/infrastructure/orders/persistence/OrderEntity.class]
2026-04-13T09:26:32.467-05:00 DEBUG 161371 --- [01-WebFlux] [main] ssPathScanningCandidateComponentProvider : Identified candidate component class: file [/home/bryan/Documents/github-repos/BR7-MARKETPLACE-BACKEND/target/classes/com/example/webflux/infrastructure/products/persistence/ProductEntity.class]
2026-04-13T09:26:32.467-05:00 DEBUG 161371 --- [01-WebFlux] [main] ssPathScanningCandidateComponentProvider : Identified candidate component class: file [/home/bryan/Documents/github-repos/BR7-MARKETPLACE-BACKEND/target/classes/com/example/webflux/infrastructure/refreshToken/persistence/RefreshTokenEntity.class]
2026-04-13T09:26:32.469-05:00 DEBUG 161371 --- [01-WebFlux] [main] o.s.b.f.s.DefaultListableBeanFactory     : Autowiring by type from bean name 'r2dbcMappingContext' via factory method to bean named 'r2dbcCustomConversions'
2026-04-13T09:26:32.469-05:00 DEBUG 161371 --- [01-WebFlux] [main] o.s.b.f.s.DefaultListableBeanFactory     : Autowiring by type from bean name 'r2dbcMappingContext' via factory method to bean named 'r2dbcManagedTypes'
2026-04-13T09:26:32.543-05:00 DEBUG 161371 --- [01-WebFlux] [main] o.s.b.f.s.DefaultListableBeanFactory     : Autowiring by type from bean name 'r2dbcConverter' via factory method to bean named 'r2dbcMappingContext'
2026-04-13T09:26:32.543-05:00 DEBUG 161371 --- [01-WebFlux] [main] o.s.b.f.s.DefaultListableBeanFactory     : Autowiring by type from bean name 'r2dbcConverter' via factory method to bean named 'r2dbcCustomConversions'
2026-04-13T09:26:32.554-05:00 DEBUG 161371 --- [01-WebFlux] [main] o.s.b.f.s.DefaultListableBeanFactory     : Autowiring by type from bean name 'r2dbcEntityTemplate' via factory method to bean named 'r2dbcConverter'
2026-04-13T09:26:32.583-05:00 DEBUG 161371 --- [01-WebFlux] [main] o.s.d.r.c.s.RepositoryFactorySupport     : Initializing repository instance for com.example.webflux.infrastructure.listings.repository.postgres.R2dbcPostgresListingRepository…
2026-04-13T09:26:32.627-05:00 DEBUG 161371 --- [01-WebFlux] [main] o.s.d.r.c.s.RepositoryFactorySupport     : Finished creation of repository instance for com.example.webflux.infrastructure.listings.repository.postgres.R2dbcPostgresListingRepository.
2026-04-13T09:26:32.632-05:00 DEBUG 161371 --- [01-WebFlux] [main] o.s.b.f.s.DefaultListableBeanFactory     : Autowiring by type from bean name 'r2dbcListingRepositoryAdapter' via constructor to bean named 'r2dbcPostgresListingRepository'
2026-04-13T09:26:32.648-05:00 DEBUG 161371 --- [01-WebFlux] [main] o.s.b.f.s.DefaultListableBeanFactory     : Creating shared instance of singleton bean 'cloudinaryMediaStorageAdapter'
2026-04-13T09:26:32.649-05:00 DEBUG 161371 --- [01-WebFlux] [main] o.s.b.f.s.DefaultListableBeanFactory     : Creating shared instance of singleton bean 'cloudinary'
2026-04-13T09:26:32.649-05:00 DEBUG 161371 --- [01-WebFlux] [main] o.s.b.f.s.DefaultListableBeanFactory     : Creating shared instance of singleton bean 'cloudinaryConfig'
2026-04-13T09:26:32.651-05:00 DEBUG 161371 --- [01-WebFlux] [main] o.s.c.e.PropertySourcesPropertyResolver  : Found key 'spring.cloudinary.cloud-name' in PropertySource 'environmentProperties' with value of type String
2026-04-13T09:26:32.651-05:00 DEBUG 161371 --- [01-WebFlux] [main] o.s.c.e.PropertySourcesPropertyResolver  : Found key 'CLOUDINARY_CLOUD_NAME' in PropertySource 'environmentProperties' with value of type String
2026-04-13T09:26:32.652-05:00 DEBUG 161371 --- [01-WebFlux] [main] o.s.c.e.PropertySourcesPropertyResolver  : Found key 'spring.cloudinary.api-key' in PropertySource 'environmentProperties' with value of type String
2026-04-13T09:26:32.652-05:00 DEBUG 161371 --- [01-WebFlux] [main] o.s.c.e.PropertySourcesPropertyResolver  : Found key 'CLOUDINARY_API_KEY' in PropertySource 'environmentProperties' with value of type String
2026-04-13T09:26:32.652-05:00 DEBUG 161371 --- [01-WebFlux] [main] o.s.c.e.PropertySourcesPropertyResolver  : Found key 'spring.cloudinary.api-secret' in PropertySource 'environmentProperties' with value of type String
2026-04-13T09:26:32.652-05:00 DEBUG 161371 --- [01-WebFlux] [main] o.s.c.e.PropertySourcesPropertyResolver  : Found key 'CLOUDINARY_API_SECRET' in PropertySource 'environmentProperties' with value of type String
2026-04-13T09:26:32.663-05:00 DEBUG 161371 --- [01-WebFlux] [main] o.s.b.f.s.DefaultListableBeanFactory     : Autowiring by type from bean name 'cloudinaryMediaStorageAdapter' via constructor to bean named 'cloudinary'
2026-04-13T09:26:32.664-05:00 DEBUG 161371 --- [01-WebFlux] [main] o.s.b.f.s.DefaultListableBeanFactory     : Autowiring by type from bean name 'assetsMediaUseCaseImp' via constructor to bean named 'r2dbcListingRepositoryAdapter'
2026-04-13T09:26:32.664-05:00 DEBUG 161371 --- [01-WebFlux] [main] o.s.b.f.s.DefaultListableBeanFactory     : Autowiring by type from bean name 'assetsMediaUseCaseImp' via constructor to bean named 'cloudinaryMediaStorageAdapter'
2026-04-13T09:26:32.665-05:00 DEBUG 161371 --- [01-WebFlux] [main] o.s.b.f.s.DefaultListableBeanFactory     : Creating shared instance of singleton bean 'authorizationRolUseCaseImp'
2026-04-13T09:26:32.667-05:00 DEBUG 161371 --- [01-WebFlux] [main] o.s.b.f.s.DefaultListableBeanFactory     : Creating shared instance of singleton bean 'r2dbcRolUserRepositoryAdapter'
2026-04-13T09:26:32.667-05:00 DEBUG 161371 --- [01-WebFlux] [main] o.s.b.f.s.DefaultListableBeanFactory     : Creating shared instance of singleton bean 'r2dbcPostgresRolUserRepository'
2026-04-13T09:26:32.668-05:00 DEBUG 161371 --- [01-WebFlux] [main] o.s.b.f.s.DefaultListableBeanFactory     : Creating shared instance of singleton bean 'r2dbc.named-queries#7'
2026-04-13T09:26:32.669-05:00 DEBUG 161371 --- [01-WebFlux] [main] o.s.b.f.s.DefaultListableBeanFactory     : Creating shared instance of singleton bean 'r2dbc.R2dbcPostgresRolUserRepository.fragments#0'
2026-04-13T09:26:32.672-05:00 DEBUG 161371 --- [01-WebFlux] [main] o.s.d.r.c.s.RepositoryFactorySupport     : Initializing repository instance for com.example.webflux.infrastructure.Autorization.repository.postgres.R2dbcPostgresRolUserRepository…
2026-04-13T09:26:32.678-05:00 DEBUG 161371 --- [01-WebFlux] [main] o.s.d.r.c.s.RepositoryFactorySupport     : Finished creation of repository instance for com.example.webflux.infrastructure.Autorization.repository.postgres.R2dbcPostgresRolUserRepository.
2026-04-13T09:26:32.683-05:00 DEBUG 161371 --- [01-WebFlux] [main] o.s.b.f.s.DefaultListableBeanFactory     : Autowiring by type from bean name 'r2dbcRolUserRepositoryAdapter' via constructor to bean named 'r2dbcPostgresRolUserRepository'
2026-04-13T09:26:32.688-05:00 DEBUG 161371 --- [01-WebFlux] [main] o.s.b.f.s.DefaultListableBeanFactory     : Creating shared instance of singleton bean 'r2dbcRolRepositoryAdapter'
2026-04-13T09:26:32.689-05:00 DEBUG 161371 --- [01-WebFlux] [main] o.s.b.f.s.DefaultListableBeanFactory     : Creating shared instance of singleton bean 'r2dbcPostgresRolRepository'
2026-04-13T09:26:32.689-05:00 DEBUG 161371 --- [01-WebFlux] [main] o.s.b.f.s.DefaultListableBeanFactory     : Creating shared instance of singleton bean 'r2dbc.named-queries#0'
2026-04-13T09:26:32.690-05:00 DEBUG 161371 --- [01-WebFlux] [main] o.s.b.f.s.DefaultListableBeanFactory     : Creating shared instance of singleton bean 'r2dbc.R2dbcPostgresRolRepository.fragments#0'
2026-04-13T09:26:32.693-05:00 DEBUG 161371 --- [01-WebFlux] [main] o.s.d.r.c.s.RepositoryFactorySupport     : Initializing repository instance for com.example.webflux.infrastructure.Autorization.repository.postgres.R2dbcPostgresRolRepository…
2026-04-13T09:26:32.708-05:00 DEBUG 161371 --- [01-WebFlux] [main] o.s.d.r.c.s.RepositoryFactorySupport     : Finished creation of repository instance for com.example.webflux.infrastructure.Autorization.repository.postgres.R2dbcPostgresRolRepository.
2026-04-13T09:26:32.711-05:00 DEBUG 161371 --- [01-WebFlux] [main] o.s.b.f.s.DefaultListableBeanFactory     : Autowiring by type from bean name 'r2dbcRolRepositoryAdapter' via constructor to bean named 'r2dbcPostgresRolRepository'
2026-04-13T09:26:32.716-05:00 DEBUG 161371 --- [01-WebFlux] [main] o.s.b.f.s.DefaultListableBeanFactory     : Autowiring by type from bean name 'authorizationRolUseCaseImp' via constructor to bean named 'r2dbcRolUserRepositoryAdapter'
2026-04-13T09:26:32.716-05:00 DEBUG 161371 --- [01-WebFlux] [main] o.s.b.f.s.DefaultListableBeanFactory     : Autowiring by type from bean name 'authorizationRolUseCaseImp' via constructor to bean named 'r2dbcRolRepositoryAdapter'
2026-04-13T09:26:32.717-05:00 DEBUG 161371 --- [01-WebFlux] [main] o.s.b.f.s.DefaultListableBeanFactory     : Creating shared instance of singleton bean 'authUseCaseImp'
2026-04-13T09:26:32.720-05:00 DEBUG 161371 --- [01-WebFlux] [main] o.s.b.f.s.DefaultListableBeanFactory     : Creating shared instance of singleton bean 'passwordEncoder'
2026-04-13T09:26:32.720-05:00 DEBUG 161371 --- [01-WebFlux] [main] o.s.b.f.s.DefaultListableBeanFactory     : Creating shared instance of singleton bean 'securityConfig'
2026-04-13T09:26:32.720-05:00 DEBUG 161371 --- [01-WebFlux] [main] o.s.b.f.s.DefaultListableBeanFactory     : Creating shared instance of singleton bean 'jwtService'
2026-04-13T09:26:32.722-05:00 DEBUG 161371 --- [01-WebFlux] [main] o.s.b.f.s.DefaultListableBeanFactory     : Creating shared instance of singleton bean 'keyPair'
2026-04-13T09:26:32.722-05:00 DEBUG 161371 --- [01-WebFlux] [main] o.s.b.f.s.DefaultListableBeanFactory     : Creating shared instance of singleton bean 'keyConfig'
2026-04-13T09:26:33.082-05:00 DEBUG 161371 --- [01-WebFlux] [main] o.s.b.f.s.DefaultListableBeanFactory     : Autowiring by type from bean name 'jwtService' via constructor to bean named 'keyPair'
2026-04-13T09:26:33.083-05:00 DEBUG 161371 --- [01-WebFlux] [main] o.s.b.f.s.DefaultListableBeanFactory     : Autowiring by type from bean name 'securityConfig' via constructor to bean named 'jwtService'
2026-04-13T09:26:33.085-05:00 DEBUG 161371 --- [01-WebFlux] [main] o.s.b.f.s.DefaultListableBeanFactory     : Creating shared instance of singleton bean 'r2dbcUserRepositoryAdapter'
2026-04-13T09:26:33.085-05:00 DEBUG 161371 --- [01-WebFlux] [main] o.s.b.f.s.DefaultListableBeanFactory     : Creating shared instance of singleton bean 'r2dbcPostgresUserRepository'
2026-04-13T09:26:33.086-05:00 DEBUG 161371 --- [01-WebFlux] [main] o.s.b.f.s.DefaultListableBeanFactory     : Creating shared instance of singleton bean 'r2dbc.named-queries#3'
2026-04-13T09:26:33.086-05:00 DEBUG 161371 --- [01-WebFlux] [main] o.s.b.f.s.DefaultListableBeanFactory     : Creating shared instance of singleton bean 'r2dbc.R2dbcPostgresUserRepository.fragments#0'
2026-04-13T09:26:33.088-05:00 DEBUG 161371 --- [01-WebFlux] [main] o.s.d.r.c.s.RepositoryFactorySupport     : Initializing repository instance for com.example.webflux.infrastructure.auth.repository.postgres.R2dbcPostgresUserRepository…
2026-04-13T09:26:33.092-05:00 DEBUG 161371 --- [01-WebFlux] [main] o.s.d.r.c.s.RepositoryFactorySupport     : Finished creation of repository instance for com.example.webflux.infrastructure.auth.repository.postgres.R2dbcPostgresUserRepository.
2026-04-13T09:26:33.096-05:00 DEBUG 161371 --- [01-WebFlux] [main] o.s.b.f.s.DefaultListableBeanFactory     : Autowiring by type from bean name 'r2dbcUserRepositoryAdapter' via constructor to bean named 'r2dbcPostgresUserRepository'
2026-04-13T09:26:33.105-05:00 DEBUG 161371 --- [01-WebFlux] [main] o.s.b.f.s.DefaultListableBeanFactory     : Creating shared instance of singleton bean 'userSecurityAdapter'
2026-04-13T09:26:33.105-05:00 DEBUG 161371 --- [01-WebFlux] [main] o.s.b.f.s.DefaultListableBeanFactory     : Creating shared instance of singleton bean 'customReactiveUserDetailsServiceImp'
2026-04-13T09:26:33.106-05:00 DEBUG 161371 --- [01-WebFlux] [main] o.s.b.f.s.DefaultListableBeanFactory     : Autowiring by type from bean name 'customReactiveUserDetailsServiceImp' via constructor to bean named 'r2dbcUserRepositoryAdapter'
2026-04-13T09:26:33.106-05:00 DEBUG 161371 --- [01-WebFlux] [main] o.s.b.f.s.DefaultListableBeanFactory     : Autowiring by type from bean name 'customReactiveUserDetailsServiceImp' via constructor to bean named 'r2dbcRolRepositoryAdapter'
2026-04-13T09:26:33.107-05:00 DEBUG 161371 --- [01-WebFlux] [main] o.s.b.f.s.DefaultListableBeanFactory     : Autowiring by type from bean name 'userSecurityAdapter' via constructor to bean named 'customReactiveUserDetailsServiceImp'
2026-04-13T09:26:33.107-05:00 DEBUG 161371 --- [01-WebFlux] [main] o.s.b.f.s.DefaultListableBeanFactory     : Creating shared instance of singleton bean 'userJwtAdapter'
2026-04-13T09:26:33.108-05:00 DEBUG 161371 --- [01-WebFlux] [main] o.s.b.f.s.DefaultListableBeanFactory     : Autowiring by type from bean name 'userJwtAdapter' via constructor to bean named 'jwtService'
2026-04-13T09:26:33.108-05:00 DEBUG 161371 --- [01-WebFlux] [main] o.s.b.f.s.DefaultListableBeanFactory     : Creating shared instance of singleton bean 'refreshTokenUseCaseImp'
2026-04-13T09:26:33.109-05:00 DEBUG 161371 --- [01-WebFlux] [main] o.s.b.f.s.DefaultListableBeanFactory     : Creating shared instance of singleton bean 'hashService'
2026-04-13T09:26:33.109-05:00 DEBUG 161371 --- [01-WebFlux] [main] o.s.b.f.s.DefaultListableBeanFactory     : Creating shared instance of singleton bean 'r2dbcRefreshTokenRepositoryAdapter'
2026-04-13T09:26:33.110-05:00 DEBUG 161371 --- [01-WebFlux] [main] o.s.b.f.s.DefaultListableBeanFactory     : Creating shared instance of singleton bean 'r2dbcPostgresRefreshTokenRepository'
2026-04-13T09:26:33.110-05:00 DEBUG 161371 --- [01-WebFlux] [main] o.s.b.f.s.DefaultListableBeanFactory     : Creating shared instance of singleton bean 'r2dbc.named-queries#2'
2026-04-13T09:26:33.112-05:00 DEBUG 161371 --- [01-WebFlux] [main] o.s.b.f.s.DefaultListableBeanFactory     : Creating shared instance of singleton bean 'r2dbc.R2dbcPostgresRefreshTokenRepository.fragments#0'
2026-04-13T09:26:33.114-05:00 DEBUG 161371 --- [01-WebFlux] [main] o.s.d.r.c.s.RepositoryFactorySupport     : Initializing repository instance for com.example.webflux.infrastructure.refreshToken.repository.postgres.R2dbcPostgresRefreshTokenRepository…
2026-04-13T09:26:33.119-05:00 DEBUG 161371 --- [01-WebFlux] [main] o.s.d.r.c.s.RepositoryFactorySupport     : Finished creation of repository instance for com.example.webflux.infrastructure.refreshToken.repository.postgres.R2dbcPostgresRefreshTokenRepository.
2026-04-13T09:26:33.124-05:00 DEBUG 161371 --- [01-WebFlux] [main] o.s.b.f.s.DefaultListableBeanFactory     : Autowiring by type from bean name 'r2dbcRefreshTokenRepositoryAdapter' via constructor to bean named 'r2dbcPostgresRefreshTokenRepository'
2026-04-13T09:26:33.129-05:00 DEBUG 161371 --- [01-WebFlux] [main] o.s.c.e.PropertySourcesPropertyResolver  : Found key 'refresh-token.ttl' in PropertySource 'environmentProperties' with value of type String
2026-04-13T09:26:33.131-05:00 DEBUG 161371 --- [01-WebFlux] [main] o.s.b.f.s.DefaultListableBeanFactory     : Autowiring by type from bean name 'refreshTokenUseCaseImp' via constructor to bean named 'hashService'
2026-04-13T09:26:33.131-05:00 DEBUG 161371 --- [01-WebFlux] [main] o.s.b.f.s.DefaultListableBeanFactory     : Autowiring by type from bean name 'refreshTokenUseCaseImp' via constructor to bean named 'r2dbcRefreshTokenRepositoryAdapter'
2026-04-13T09:26:33.131-05:00 DEBUG 161371 --- [01-WebFlux] [main] o.s.b.f.s.DefaultListableBeanFactory     : Autowiring by type from bean name 'refreshTokenUseCaseImp' via constructor to bean named 'r2dbcUserRepositoryAdapter'
2026-04-13T09:26:33.131-05:00 DEBUG 161371 --- [01-WebFlux] [main] o.s.b.f.s.DefaultListableBeanFactory     : Autowiring by type from bean name 'refreshTokenUseCaseImp' via constructor to bean named 'userJwtAdapter'
2026-04-13T09:26:33.131-05:00 DEBUG 161371 --- [01-WebFlux] [main] o.s.b.f.s.DefaultListableBeanFactory     : Autowiring by type from bean name 'refreshTokenUseCaseImp' via constructor to bean named 'r2dbcRolUserRepositoryAdapter'
2026-04-13T09:26:33.133-05:00 DEBUG 161371 --- [01-WebFlux] [main] o.s.b.f.s.DefaultListableBeanFactory     : Creating shared instance of singleton bean 'emailVerifyTokenUseCaseImp'
2026-04-13T09:26:33.134-05:00 DEBUG 161371 --- [01-WebFlux] [main] o.s.b.f.s.DefaultListableBeanFactory     : Creating shared instance of singleton bean 'r2dbcEmailVerificationTokenAdapter'
2026-04-13T09:26:33.134-05:00 DEBUG 161371 --- [01-WebFlux] [main] o.s.b.f.s.DefaultListableBeanFactory     : Creating shared instance of singleton bean 'r2dbcPostgresEmailVerificationTokenRepository'
2026-04-13T09:26:33.134-05:00 DEBUG 161371 --- [01-WebFlux] [main] o.s.b.f.s.DefaultListableBeanFactory     : Creating shared instance of singleton bean 'r2dbc.named-queries#4'
2026-04-13T09:26:33.135-05:00 DEBUG 161371 --- [01-WebFlux] [main] o.s.b.f.s.DefaultListableBeanFactory     : Creating shared instance of singleton bean 'r2dbc.R2dbcPostgresEmailVerificationTokenRepository.fragments#0'
2026-04-13T09:26:33.137-05:00 DEBUG 161371 --- [01-WebFlux] [main] o.s.d.r.c.s.RepositoryFactorySupport     : Initializing repository instance for com.example.webflux.infrastructure.emailVerificationToken.repository.postgres.R2dbcPostgresEmailVerificationTokenRepository…
2026-04-13T09:26:33.141-05:00 DEBUG 161371 --- [01-WebFlux] [main] o.s.d.r.c.s.RepositoryFactorySupport     : Finished creation of repository instance for com.example.webflux.infrastructure.emailVerificationToken.repository.postgres.R2dbcPostgresEmailVerificationTokenRepository.
2026-04-13T09:26:33.146-05:00 DEBUG 161371 --- [01-WebFlux] [main] o.s.b.f.s.DefaultListableBeanFactory     : Autowiring by type from bean name 'r2dbcEmailVerificationTokenAdapter' via constructor to bean named 'r2dbcPostgresEmailVerificationTokenRepository'
2026-04-13T09:26:33.153-05:00 DEBUG 161371 --- [01-WebFlux] [main] o.s.b.f.s.DefaultListableBeanFactory     : Creating shared instance of singleton bean 'resendEmailAdapter'
2026-04-13T09:26:33.154-05:00 DEBUG 161371 --- [01-WebFlux] [main] o.s.b.f.s.DefaultListableBeanFactory     : Creating shared instance of singleton bean 'resend'
2026-04-13T09:26:33.154-05:00 DEBUG 161371 --- [01-WebFlux] [main] o.s.b.f.s.DefaultListableBeanFactory     : Creating shared instance of singleton bean 'resendConfig'
2026-04-13T09:26:33.155-05:00 DEBUG 161371 --- [01-WebFlux] [main] o.s.c.e.PropertySourcesPropertyResolver  : Found key 'spring.resend.api-key' in PropertySource 'environmentProperties' with value of type String
2026-04-13T09:26:33.155-05:00 DEBUG 161371 --- [01-WebFlux] [main] o.s.c.e.PropertySourcesPropertyResolver  : Found key 'RESEND_API_KEY' in PropertySource 'environmentProperties' with value of type String
2026-04-13T09:26:33.160-05:00 DEBUG 161371 --- [01-WebFlux] [main] o.s.b.f.s.DefaultListableBeanFactory     : Autowiring by type from bean name 'resendEmailAdapter' via constructor to bean named 'resend'
2026-04-13T09:26:33.160-05:00 DEBUG 161371 --- [01-WebFlux] [main] o.s.b.f.s.DefaultListableBeanFactory     : Autowiring by type from bean name 'emailVerifyTokenUseCaseImp' via constructor to bean named 'r2dbcUserRepositoryAdapter'
2026-04-13T09:26:33.160-05:00 DEBUG 161371 --- [01-WebFlux] [main] o.s.b.f.s.DefaultListableBeanFactory     : Autowiring by type from bean name 'emailVerifyTokenUseCaseImp' via constructor to bean named 'r2dbcEmailVerificationTokenAdapter'
2026-04-13T09:26:33.160-05:00 DEBUG 161371 --- [01-WebFlux] [main] o.s.b.f.s.DefaultListableBeanFactory     : Autowiring by type from bean name 'emailVerifyTokenUseCaseImp' via constructor to bean named 'resendEmailAdapter'
2026-04-13T09:26:33.160-05:00 DEBUG 161371 --- [01-WebFlux] [main] o.s.b.f.s.DefaultListableBeanFactory     : Autowiring by type from bean name 'emailVerifyTokenUseCaseImp' via constructor to bean named 'hashService'
2026-04-13T09:26:33.162-05:00 DEBUG 161371 --- [01-WebFlux] [main] o.s.c.e.PropertySourcesPropertyResolver  : Found key 'email-expiration.time' in PropertySource 'environmentProperties' with value of type String
2026-04-13T09:26:33.163-05:00 DEBUG 161371 --- [01-WebFlux] [main] o.s.c.e.PropertySourcesPropertyResolver  : Found key 'app.email-url' in PropertySource 'environmentProperties' with value of type String
2026-04-13T09:26:33.163-05:00 DEBUG 161371 --- [01-WebFlux] [main] o.s.c.e.PropertySourcesPropertyResolver  : Found key 'spring.resend.issuer' in PropertySource 'environmentProperties' with value of type String
2026-04-13T09:26:33.163-05:00 DEBUG 161371 --- [01-WebFlux] [main] o.s.c.e.PropertySourcesPropertyResolver  : Found key 'RESEND_ISSUER' in PropertySource 'environmentProperties' with value of type String
2026-04-13T09:26:33.164-05:00 DEBUG 161371 --- [01-WebFlux] [main] o.s.b.f.s.DefaultListableBeanFactory     : Autowiring by type from bean name 'authUseCaseImp' via constructor to bean named 'passwordEncoder'
2026-04-13T09:26:33.164-05:00 DEBUG 161371 --- [01-WebFlux] [main] o.s.b.f.s.DefaultListableBeanFactory     : Autowiring by type from bean name 'authUseCaseImp' via constructor to bean named 'r2dbcUserRepositoryAdapter'
2026-04-13T09:26:33.165-05:00 DEBUG 161371 --- [01-WebFlux] [main] o.s.b.f.s.DefaultListableBeanFactory     : Autowiring by type from bean name 'authUseCaseImp' via constructor to bean named 'userSecurityAdapter'
2026-04-13T09:26:33.165-05:00 DEBUG 161371 --- [01-WebFlux] [main] o.s.b.f.s.DefaultListableBeanFactory     : Autowiring by type from bean name 'authUseCaseImp' via constructor to bean named 'userJwtAdapter'
2026-04-13T09:26:33.165-05:00 DEBUG 161371 --- [01-WebFlux] [main] o.s.b.f.s.DefaultListableBeanFactory     : Autowiring by type from bean name 'authUseCaseImp' via constructor to bean named 'refreshTokenUseCaseImp'
2026-04-13T09:26:33.165-05:00 DEBUG 161371 --- [01-WebFlux] [main] o.s.b.f.s.DefaultListableBeanFactory     : Autowiring by type from bean name 'authUseCaseImp' via constructor to bean named 'emailVerifyTokenUseCaseImp'
2026-04-13T09:26:33.165-05:00 DEBUG 161371 --- [01-WebFlux] [main] o.s.b.f.s.DefaultListableBeanFactory     : Autowiring by type from bean name 'authUseCaseImp' via constructor to bean named 'authorizationRolUseCaseImp'
2026-04-13T09:26:33.167-05:00 DEBUG 161371 --- [01-WebFlux] [main] o.s.b.f.s.DefaultListableBeanFactory     : Creating shared instance of singleton bean 'listingUseCaseImp'
2026-04-13T09:26:33.169-05:00 DEBUG 161371 --- [01-WebFlux] [main] o.s.b.f.s.DefaultListableBeanFactory     : Creating shared instance of singleton bean 'productUseCaseImp'
2026-04-13T09:26:33.170-05:00 DEBUG 161371 --- [01-WebFlux] [main] o.s.b.f.s.DefaultListableBeanFactory     : Creating shared instance of singleton bean 'r2dbcProductRepositoryAdapter'
2026-04-13T09:26:33.171-05:00 DEBUG 161371 --- [01-WebFlux] [main] o.s.b.f.s.DefaultListableBeanFactory     : Creating shared instance of singleton bean 'r2dbcPostgresProductRepository'
2026-04-13T09:26:33.171-05:00 DEBUG 161371 --- [01-WebFlux] [main] o.s.b.f.s.DefaultListableBeanFactory     : Creating shared instance of singleton bean 'r2dbc.named-queries#1'
2026-04-13T09:26:33.172-05:00 DEBUG 161371 --- [01-WebFlux] [main] o.s.b.f.s.DefaultListableBeanFactory     : Creating shared instance of singleton bean 'r2dbc.R2dbcPostgresProductRepository.fragments#0'
2026-04-13T09:26:33.175-05:00 DEBUG 161371 --- [01-WebFlux] [main] o.s.d.r.c.s.RepositoryFactorySupport     : Initializing repository instance for com.example.webflux.infrastructure.products.repository.postgres.R2dbcPostgresProductRepository…
2026-04-13T09:26:33.182-05:00 DEBUG 161371 --- [01-WebFlux] [main] o.s.d.r.c.s.RepositoryFactorySupport     : Finished creation of repository instance for com.example.webflux.infrastructure.products.repository.postgres.R2dbcPostgresProductRepository.
2026-04-13T09:26:33.185-05:00 DEBUG 161371 --- [01-WebFlux] [main] o.s.b.f.s.DefaultListableBeanFactory     : Autowiring by type from bean name 'r2dbcProductRepositoryAdapter' via constructor to bean named 'r2dbcPostgresProductRepository'
2026-04-13T09:26:33.191-05:00 DEBUG 161371 --- [01-WebFlux] [main] o.s.b.f.s.DefaultListableBeanFactory     : Autowiring by type from bean name 'productUseCaseImp' via constructor to bean named 'r2dbcProductRepositoryAdapter'
2026-04-13T09:26:33.191-05:00 DEBUG 161371 --- [01-WebFlux] [main] o.s.b.f.s.DefaultListableBeanFactory     : Autowiring by type from bean name 'productUseCaseImp' via constructor to bean named 'r2dbcRolUserRepositoryAdapter'
2026-04-13T09:26:33.192-05:00 DEBUG 161371 --- [01-WebFlux] [main] o.s.b.f.s.DefaultListableBeanFactory     : Creating shared instance of singleton bean 'base64Config'
2026-04-13T09:26:33.193-05:00 DEBUG 161371 --- [01-WebFlux] [main] o.s.b.f.s.DefaultListableBeanFactory     : Creating shared instance of singleton bean 'objectMapper'
2026-04-13T09:26:33.193-05:00 DEBUG 161371 --- [01-WebFlux] [main] o.s.b.f.s.DefaultListableBeanFactory     : Creating shared instance of singleton bean 'jacksonConfig'
2026-04-13T09:26:33.207-05:00 DEBUG 161371 --- [01-WebFlux] [main] o.s.b.f.s.DefaultListableBeanFactory     : Autowiring by type from bean name 'base64Config' via constructor to bean named 'objectMapper'
2026-04-13T09:26:33.207-05:00 DEBUG 161371 --- [01-WebFlux] [main] o.s.b.f.s.DefaultListableBeanFactory     : Autowiring by type from bean name 'listingUseCaseImp' via constructor to bean named 'productUseCaseImp'
2026-04-13T09:26:33.207-05:00 DEBUG 161371 --- [01-WebFlux] [main] o.s.b.f.s.DefaultListableBeanFactory     : Autowiring by type from bean name 'listingUseCaseImp' via constructor to bean named 'r2dbcListingRepositoryAdapter'
2026-04-13T09:26:33.207-05:00 DEBUG 161371 --- [01-WebFlux] [main] o.s.b.f.s.DefaultListableBeanFactory     : Autowiring by type from bean name 'listingUseCaseImp' via constructor to bean named 'r2dbcRolUserRepositoryAdapter'
2026-04-13T09:26:33.207-05:00 DEBUG 161371 --- [01-WebFlux] [main] o.s.b.f.s.DefaultListableBeanFactory     : Autowiring by type from bean name 'listingUseCaseImp' via constructor to bean named 'base64Config'
2026-04-13T09:26:33.208-05:00 DEBUG 161371 --- [01-WebFlux] [main] o.s.b.f.s.DefaultListableBeanFactory     : Creating shared instance of singleton bean 'orderUseCaseImp'
2026-04-13T09:26:33.209-05:00 DEBUG 161371 --- [01-WebFlux] [main] o.s.b.f.s.DefaultListableBeanFactory     : Creating shared instance of singleton bean 'r2dbcOrderRepositoryAdapter'
2026-04-13T09:26:33.209-05:00 DEBUG 161371 --- [01-WebFlux] [main] o.s.b.f.s.DefaultListableBeanFactory     : Creating shared instance of singleton bean 'r2dbcPostgresOrderRepository'
2026-04-13T09:26:33.209-05:00 DEBUG 161371 --- [01-WebFlux] [main] o.s.b.f.s.DefaultListableBeanFactory     : Creating shared instance of singleton bean 'r2dbc.named-queries#5'
2026-04-13T09:26:33.210-05:00 DEBUG 161371 --- [01-WebFlux] [main] o.s.b.f.s.DefaultListableBeanFactory     : Creating shared instance of singleton bean 'r2dbc.R2dbcPostgresOrderRepository.fragments#0'
2026-04-13T09:26:33.212-05:00 DEBUG 161371 --- [01-WebFlux] [main] o.s.d.r.c.s.RepositoryFactorySupport     : Initializing repository instance for com.example.webflux.infrastructure.orders.repository.postgres.R2dbcPostgresOrderRepository…
2026-04-13T09:26:33.215-05:00 DEBUG 161371 --- [01-WebFlux] [main] o.s.d.r.c.s.RepositoryFactorySupport     : Finished creation of repository instance for com.example.webflux.infrastructure.orders.repository.postgres.R2dbcPostgresOrderRepository.
2026-04-13T09:26:33.221-05:00 DEBUG 161371 --- [01-WebFlux] [main] o.s.b.f.s.DefaultListableBeanFactory     : Autowiring by type from bean name 'r2dbcOrderRepositoryAdapter' via constructor to bean named 'r2dbcPostgresOrderRepository'
2026-04-13T09:26:33.226-05:00 DEBUG 161371 --- [01-WebFlux] [main] o.s.b.f.s.DefaultListableBeanFactory     : Autowiring by type from bean name 'orderUseCaseImp' via constructor to bean named 'r2dbcOrderRepositoryAdapter'
2026-04-13T09:26:33.227-05:00 DEBUG 161371 --- [01-WebFlux] [main] o.s.b.f.s.DefaultListableBeanFactory     : Autowiring by type from bean name 'orderUseCaseImp' via constructor to bean named 'r2dbcUserRepositoryAdapter'
2026-04-13T09:26:33.228-05:00 DEBUG 161371 --- [01-WebFlux] [main] o.s.b.f.s.DefaultListableBeanFactory     : Creating shared instance of singleton bean 'assetsMediaController'
2026-04-13T09:26:33.228-05:00 DEBUG 161371 --- [01-WebFlux] [main] o.s.b.f.s.DefaultListableBeanFactory     : Creating shared instance of singleton bean 'fileParserConverter'
2026-04-13T09:26:33.229-05:00 DEBUG 161371 --- [01-WebFlux] [main] o.s.b.f.s.DefaultListableBeanFactory     : Creating shared instance of singleton bean 'authController'
2026-04-13T09:26:33.232-05:00 DEBUG 161371 --- [01-WebFlux] [main] o.s.b.f.s.DefaultListableBeanFactory     : Autowiring by type from bean name 'authController' via constructor to bean named 'refreshTokenUseCaseImp'
2026-04-13T09:26:33.232-05:00 DEBUG 161371 --- [01-WebFlux] [main] o.s.b.f.s.DefaultListableBeanFactory     : Autowiring by type from bean name 'authController' via constructor to bean named 'authUseCaseImp'
2026-04-13T09:26:33.233-05:00 DEBUG 161371 --- [01-WebFlux] [main] o.s.b.f.s.DefaultListableBeanFactory     : Creating shared instance of singleton bean 'emailVerificationTokenController'
2026-04-13T09:26:33.234-05:00 DEBUG 161371 --- [01-WebFlux] [main] o.s.b.f.s.DefaultListableBeanFactory     : Autowiring by type from bean name 'emailVerificationTokenController' via constructor to bean named 'emailVerifyTokenUseCaseImp'
2026-04-13T09:26:33.235-05:00 DEBUG 161371 --- [01-WebFlux] [main] o.s.b.f.s.DefaultListableBeanFactory     : Creating shared instance of singleton bean 'listingController'
2026-04-13T09:26:33.237-05:00 DEBUG 161371 --- [01-WebFlux] [main] o.s.b.f.s.DefaultListableBeanFactory     : Autowiring by type from bean name 'listingController' via constructor to bean named 'listingUseCaseImp'
2026-04-13T09:26:33.237-05:00 DEBUG 161371 --- [01-WebFlux] [main] o.s.b.f.s.DefaultListableBeanFactory     : Autowiring by type from bean name 'listingController' via constructor to bean named 'fileParserConverter'
2026-04-13T09:26:33.237-05:00 DEBUG 161371 --- [01-WebFlux] [main] o.s.b.f.s.DefaultListableBeanFactory     : Autowiring by type from bean name 'listingController' via constructor to bean named 'assetsMediaUseCaseImp'
2026-04-13T09:26:33.238-05:00 DEBUG 161371 --- [01-WebFlux] [main] o.s.b.f.s.DefaultListableBeanFactory     : Creating shared instance of singleton bean 'orderController'
2026-04-13T09:26:33.238-05:00 DEBUG 161371 --- [01-WebFlux] [main] o.s.b.f.s.DefaultListableBeanFactory     : Autowiring by type from bean name 'orderController' via constructor to bean named 'orderUseCaseImp'
2026-04-13T09:26:33.238-05:00 DEBUG 161371 --- [01-WebFlux] [main] o.s.b.f.s.DefaultListableBeanFactory     : Creating shared instance of singleton bean 'productController'
2026-04-13T09:26:33.239-05:00 DEBUG 161371 --- [01-WebFlux] [main] o.s.b.f.s.DefaultListableBeanFactory     : Autowiring by type from bean name 'productController' via constructor to bean named 'productUseCaseImp'
2026-04-13T09:26:33.239-05:00 DEBUG 161371 --- [01-WebFlux] [main] o.s.b.f.s.DefaultListableBeanFactory     : Creating shared instance of singleton bean 'bearerTokenServerAuthenticationConverter'
2026-04-13T09:26:33.241-05:00 DEBUG 161371 --- [01-WebFlux] [main] o.s.b.f.s.DefaultListableBeanFactory     : Creating shared instance of singleton bean 'statusController'
2026-04-13T09:26:33.242-05:00 DEBUG 161371 --- [01-WebFlux] [main] o.s.b.f.s.DefaultListableBeanFactory     : Creating shared instance of singleton bean 'authGlobalAdviceExceptions'
2026-04-13T09:26:33.246-05:00 DEBUG 161371 --- [01-WebFlux] [main] o.s.b.f.s.DefaultListableBeanFactory     : Creating shared instance of singleton bean 'authorizationAdviceExceptions'
2026-04-13T09:26:33.247-05:00 DEBUG 161371 --- [01-WebFlux] [main] o.s.b.f.s.DefaultListableBeanFactory     : Creating shared instance of singleton bean 'emailGlobalAdviceExceptions'
2026-04-13T09:26:33.247-05:00 DEBUG 161371 --- [01-WebFlux] [main] o.s.b.f.s.DefaultListableBeanFactory     : Creating shared instance of singleton bean 'httpGlobalAdviceExceptions'
2026-04-13T09:26:33.248-05:00 DEBUG 161371 --- [01-WebFlux] [main] o.s.b.f.s.DefaultListableBeanFactory     : Creating shared instance of singleton bean 'listingGlobalAdviceException'
2026-04-13T09:26:33.249-05:00 DEBUG 161371 --- [01-WebFlux] [main] o.s.b.f.s.DefaultListableBeanFactory     : Creating shared instance of singleton bean 'productGlobalAdviceExceptions'
2026-04-13T09:26:33.250-05:00 DEBUG 161371 --- [01-WebFlux] [main] o.s.b.f.s.DefaultListableBeanFactory     : Creating shared instance of singleton bean '_reactiveMethodSecurityConfiguration'
2026-04-13T09:26:33.251-05:00 DEBUG 161371 --- [01-WebFlux] [main] o.s.b.f.s.DefaultListableBeanFactory     : Creating shared instance of singleton bean 'methodSecurityExpressionHandler'
2026-04-13T09:26:33.254-05:00 DEBUG 161371 --- [01-WebFlux] [main] o.s.b.f.s.DefaultListableBeanFactory     : Creating shared instance of singleton bean 'methodAuthorizationManagerPostProcessor'
2026-04-13T09:26:33.257-05:00 DEBUG 161371 --- [01-WebFlux] [main] o.s.b.f.s.DefaultListableBeanFactory     : Creating shared instance of singleton bean 'methodResultAuthorizationManagerPostProcessor'
2026-04-13T09:26:33.259-05:00 DEBUG 161371 --- [01-WebFlux] [main] o.s.b.f.s.DefaultListableBeanFactory     : Creating shared instance of singleton bean 'org.springframework.security.config.annotation.method.configuration.ReactiveMethodObservationConfiguration'
2026-04-13T09:26:33.260-05:00 DEBUG 161371 --- [01-WebFlux] [main] o.s.b.f.s.DefaultListableBeanFactory     : Creating shared instance of singleton bean 'org.springframework.security.config.annotation.method.configuration.AuthorizationProxyConfiguration'
2026-04-13T09:26:33.260-05:00 DEBUG 161371 --- [01-WebFlux] [main] o.s.b.f.s.DefaultListableBeanFactory     : Creating shared instance of singleton bean 'authorizationProxyFactory'
2026-04-13T09:26:33.263-05:00 DEBUG 161371 --- [01-WebFlux] [main] o.s.b.f.s.DefaultListableBeanFactory     : Creating shared instance of singleton bean 'authorizeReturnObjectHintsRegistrar'
2026-04-13T09:26:33.264-05:00 DEBUG 161371 --- [01-WebFlux] [main] o.s.b.f.s.DefaultListableBeanFactory     : Autowiring by type from bean name 'authorizeReturnObjectHintsRegistrar' via factory method to bean named 'authorizationProxyFactory'
2026-04-13T09:26:33.265-05:00 DEBUG 161371 --- [01-WebFlux] [main] o.s.b.f.s.DefaultListableBeanFactory     : Creating shared instance of singleton bean 'securityWebFilterChain'
2026-04-13T09:26:33.265-05:00 DEBUG 161371 --- [01-WebFlux] [main] o.s.b.f.s.DefaultListableBeanFactory     : Creating shared instance of singleton bean 'org.springframework.security.config.annotation.web.reactive.ServerHttpSecurityConfiguration'
2026-04-13T09:26:33.267-05:00 DEBUG 161371 --- [01-WebFlux] [main] o.s.b.f.s.DefaultListableBeanFactory     : Creating shared instance of singleton bean 'webFluxAdapterRegistry'
2026-04-13T09:26:33.267-05:00 DEBUG 161371 --- [01-WebFlux] [main] o.s.b.f.s.DefaultListableBeanFactory     : Creating shared instance of singleton bean 'org.springframework.boot.autoconfigure.web.reactive.WebFluxAutoConfiguration$EnableWebFluxConfiguration'
2026-04-13T09:26:33.267-05:00 DEBUG 161371 --- [01-WebFlux] [main] o.s.b.f.s.DefaultListableBeanFactory     : Creating shared instance of singleton bean 'spring.webflux-org.springframework.boot.autoconfigure.web.reactive.WebFluxProperties'
2026-04-13T09:26:33.269-05:00 DEBUG 161371 --- [01-WebFlux] [main] o.s.b.f.s.DefaultListableBeanFactory     : Creating shared instance of singleton bean 'spring.web-org.springframework.boot.autoconfigure.web.WebProperties'
2026-04-13T09:26:33.271-05:00 DEBUG 161371 --- [01-WebFlux] [main] o.s.b.f.s.DefaultListableBeanFactory     : Autowiring by type from bean name 'org.springframework.boot.autoconfigure.web.reactive.WebFluxAutoConfiguration$EnableWebFluxConfiguration' via constructor to bean named 'spring.webflux-org.springframework.boot.autoconfigure.web.reactive.WebFluxProperties'
2026-04-13T09:26:33.271-05:00 DEBUG 161371 --- [01-WebFlux] [main] o.s.b.f.s.DefaultListableBeanFactory     : Autowiring by type from bean name 'org.springframework.boot.autoconfigure.web.reactive.WebFluxAutoConfiguration$EnableWebFluxConfiguration' via constructor to bean named 'spring.web-org.springframework.boot.autoconfigure.web.WebProperties'
2026-04-13T09:26:33.271-05:00 DEBUG 161371 --- [01-WebFlux] [main] o.s.b.f.s.DefaultListableBeanFactory     : Autowiring by type from bean name 'org.springframework.boot.autoconfigure.web.reactive.WebFluxAutoConfiguration$EnableWebFluxConfiguration' via constructor to bean named 'server-org.springframework.boot.autoconfigure.web.ServerProperties'
2026-04-13T09:26:33.274-05:00 DEBUG 161371 --- [01-WebFlux] [main] o.s.b.f.s.DefaultListableBeanFactory     : Creating shared instance of singleton bean 'org.springframework.boot.autoconfigure.web.reactive.WebFluxAutoConfiguration$WebFluxConfig'
2026-04-13T09:26:33.276-05:00 DEBUG 161371 --- [01-WebFlux] [main] o.s.b.f.s.DefaultListableBeanFactory     : Autowiring by type from bean name 'org.springframework.boot.autoconfigure.web.reactive.WebFluxAutoConfiguration$WebFluxConfig' via constructor to bean named 'environment'
2026-04-13T09:26:33.276-05:00 DEBUG 161371 --- [01-WebFlux] [main] o.s.b.f.s.DefaultListableBeanFactory     : Autowiring by type from bean name 'org.springframework.boot.autoconfigure.web.reactive.WebFluxAutoConfiguration$WebFluxConfig' via constructor to bean named 'spring.web-org.springframework.boot.autoconfigure.web.WebProperties'
2026-04-13T09:26:33.276-05:00 DEBUG 161371 --- [01-WebFlux] [main] o.s.b.f.s.DefaultListableBeanFactory     : Autowiring by type from bean name 'org.springframework.boot.autoconfigure.web.reactive.WebFluxAutoConfiguration$WebFluxConfig' via constructor to bean named 'spring.webflux-org.springframework.boot.autoconfigure.web.reactive.WebFluxProperties'
2026-04-13T09:26:33.276-05:00 DEBUG 161371 --- [01-WebFlux] [main] o.s.b.f.s.DefaultListableBeanFactory     : Autowiring by type from bean name 'org.springframework.boot.autoconfigure.web.reactive.WebFluxAutoConfiguration$WebFluxConfig' via constructor to bean named 'org.springframework.beans.factory.support.DefaultListableBeanFactory@5bfa8cc5'
2026-04-13T09:26:33.279-05:00 DEBUG 161371 --- [01-WebFlux] [main] o.s.b.f.s.DefaultListableBeanFactory     : Creating shared instance of singleton bean 'org.springdoc.webflux.ui.SwaggerConfig'
2026-04-13T09:26:33.280-05:00 DEBUG 161371 --- [01-WebFlux] [main] o.s.b.f.s.DefaultListableBeanFactory     : Creating shared instance of singleton bean 'swaggerWebFluxConfigurer'
2026-04-13T09:26:33.281-05:00 DEBUG 161371 --- [01-WebFlux] [main] o.s.b.f.s.DefaultListableBeanFactory     : Creating shared instance of singleton bean 'org.springdoc.core.properties.SwaggerUiConfigParameters'
2026-04-13T09:26:33.282-05:00 DEBUG 161371 --- [01-WebFlux] [main] o.s.b.f.s.DefaultListableBeanFactory     : Creating shared instance of singleton bean 'org.springdoc.core.properties.SwaggerUiConfigProperties'
2026-04-13T09:26:33.286-05:00 DEBUG 161371 --- [01-WebFlux] [main] o.s.b.f.s.DefaultListableBeanFactory     : Autowiring by type from bean name 'org.springdoc.core.properties.SwaggerUiConfigParameters' via constructor to bean named 'org.springdoc.core.properties.SwaggerUiConfigProperties'
2026-04-13T09:26:33.292-05:00 DEBUG 161371 --- [01-WebFlux] [main] o.s.b.f.s.DefaultListableBeanFactory     : Creating shared instance of singleton bean 'org.springdoc.core.properties.SpringDocConfigProperties'
2026-04-13T09:26:33.300-05:00 DEBUG 161371 --- [01-WebFlux] [main] o.s.b.f.s.DefaultListableBeanFactory     : Creating shared instance of singleton bean 'indexPageTransformer'
2026-04-13T09:26:33.300-05:00 DEBUG 161371 --- [01-WebFlux] [main] o.s.b.f.s.DefaultListableBeanFactory     : Creating shared instance of singleton bean 'org.springdoc.core.properties.SwaggerUiOAuthProperties'
2026-04-13T09:26:33.303-05:00 DEBUG 161371 --- [01-WebFlux] [main] o.s.b.f.s.DefaultListableBeanFactory     : Creating shared instance of singleton bean 'swaggerWelcome'
2026-04-13T09:26:33.303-05:00 DEBUG 161371 --- [01-WebFlux] [main] o.s.b.f.s.DefaultListableBeanFactory     : Creating shared instance of singleton bean 'springWebProvider'
2026-04-13T09:26:33.303-05:00 DEBUG 161371 --- [01-WebFlux] [main] o.s.b.f.s.DefaultListableBeanFactory     : Creating shared instance of singleton bean 'org.springdoc.webflux.core.configuration.SpringDocWebFluxConfiguration'
2026-04-13T09:26:33.305-05:00 DEBUG 161371 --- [01-WebFlux] [main] o.s.b.f.s.DefaultListableBeanFactory     : Autowiring by type from bean name 'swaggerWelcome' via factory method to bean named 'org.springdoc.core.properties.SwaggerUiConfigProperties'
2026-04-13T09:26:33.305-05:00 DEBUG 161371 --- [01-WebFlux] [main] o.s.b.f.s.DefaultListableBeanFactory     : Autowiring by type from bean name 'swaggerWelcome' via factory method to bean named 'org.springdoc.core.properties.SpringDocConfigProperties'
2026-04-13T09:26:33.305-05:00 DEBUG 161371 --- [01-WebFlux] [main] o.s.b.f.s.DefaultListableBeanFactory     : Autowiring by type from bean name 'swaggerWelcome' via factory method to bean named 'org.springdoc.core.properties.SwaggerUiConfigParameters'
2026-04-13T09:26:33.305-05:00 DEBUG 161371 --- [01-WebFlux] [main] o.s.b.f.s.DefaultListableBeanFactory     : Autowiring by type from bean name 'swaggerWelcome' via factory method to bean named 'springWebProvider'
2026-04-13T09:26:33.320-05:00 DEBUG 161371 --- [01-WebFlux] [main] o.s.b.f.s.DefaultListableBeanFactory     : Creating shared instance of singleton bean 'springdocObjectMapperProvider'
2026-04-13T09:26:33.320-05:00 DEBUG 161371 --- [01-WebFlux] [main] o.s.b.f.s.DefaultListableBeanFactory     : Creating shared instance of singleton bean 'org.springdoc.core.configuration.SpringDocConfiguration'
2026-04-13T09:26:33.324-05:00 DEBUG 161371 --- [01-WebFlux] [main] o.s.b.f.s.DefaultListableBeanFactory     : Autowiring by type from bean name 'springdocObjectMapperProvider' via factory method to bean named 'org.springdoc.core.properties.SpringDocConfigProperties'
2026-04-13T09:26:33.336-05:00 DEBUG 161371 --- [01-WebFlux] [main] o.s.b.f.s.DefaultListableBeanFactory     : Autowiring by type from bean name 'indexPageTransformer' via factory method to bean named 'org.springdoc.core.properties.SwaggerUiConfigProperties'
2026-04-13T09:26:33.336-05:00 DEBUG 161371 --- [01-WebFlux] [main] o.s.b.f.s.DefaultListableBeanFactory     : Autowiring by type from bean name 'indexPageTransformer' via factory method to bean named 'org.springdoc.core.properties.SwaggerUiOAuthProperties'
2026-04-13T09:26:33.336-05:00 DEBUG 161371 --- [01-WebFlux] [main] o.s.b.f.s.DefaultListableBeanFactory     : Autowiring by type from bean name 'indexPageTransformer' via factory method to bean named 'org.springdoc.core.properties.SwaggerUiConfigParameters'
2026-04-13T09:26:33.336-05:00 DEBUG 161371 --- [01-WebFlux] [main] o.s.b.f.s.DefaultListableBeanFactory     : Autowiring by type from bean name 'indexPageTransformer' via factory method to bean named 'swaggerWelcome'
2026-04-13T09:26:33.336-05:00 DEBUG 161371 --- [01-WebFlux] [main] o.s.b.f.s.DefaultListableBeanFactory     : Autowiring by type from bean name 'indexPageTransformer' via factory method to bean named 'springdocObjectMapperProvider'
2026-04-13T09:26:33.339-05:00 DEBUG 161371 --- [01-WebFlux] [main] o.s.b.f.s.DefaultListableBeanFactory     : Creating shared instance of singleton bean 'swaggerResourceResolver'
2026-04-13T09:26:33.339-05:00 DEBUG 161371 --- [01-WebFlux] [main] o.s.b.f.s.DefaultListableBeanFactory     : Autowiring by type from bean name 'swaggerResourceResolver' via factory method to bean named 'org.springdoc.core.properties.SwaggerUiConfigProperties'
2026-04-13T09:26:33.340-05:00 DEBUG 161371 --- [01-WebFlux] [main] o.s.b.f.s.DefaultListableBeanFactory     : Autowiring by type from bean name 'swaggerWebFluxConfigurer' via factory method to bean named 'org.springdoc.core.properties.SwaggerUiConfigParameters'
2026-04-13T09:26:33.340-05:00 DEBUG 161371 --- [01-WebFlux] [main] o.s.b.f.s.DefaultListableBeanFactory     : Autowiring by type from bean name 'swaggerWebFluxConfigurer' via factory method to bean named 'org.springdoc.core.properties.SpringDocConfigProperties'
2026-04-13T09:26:33.340-05:00 DEBUG 161371 --- [01-WebFlux] [main] o.s.b.f.s.DefaultListableBeanFactory     : Autowiring by type from bean name 'swaggerWebFluxConfigurer' via factory method to bean named 'indexPageTransformer'
2026-04-13T09:26:33.340-05:00 DEBUG 161371 --- [01-WebFlux] [main] o.s.b.f.s.DefaultListableBeanFactory     : Autowiring by type from bean name 'swaggerWebFluxConfigurer' via factory method to bean named 'swaggerResourceResolver'
2026-04-13T09:26:33.343-05:00 DEBUG 161371 --- [01-WebFlux] [main] o.s.b.f.s.DefaultListableBeanFactory     : Creating shared instance of singleton bean 'authenticationPrincipalArgumentResolverConfigurer'
2026-04-13T09:26:33.350-05:00 DEBUG 161371 --- [01-WebFlux] [main] o.s.b.f.s.DefaultListableBeanFactory     : Creating shared instance of singleton bean 'reactiveAuthenticationManager'
2026-04-13T09:26:33.350-05:00 DEBUG 161371 --- [01-WebFlux] [main] o.s.b.f.s.DefaultListableBeanFactory     : Autowiring by type from bean name 'reactiveAuthenticationManager' via factory method to bean named 'customReactiveUserDetailsServiceImp'
2026-04-13T09:26:33.351-05:00 DEBUG 161371 --- [01-WebFlux] [main] o.s.b.f.s.DefaultListableBeanFactory     : Autowiring by type from bean name 'reactiveAuthenticationManager' via factory method to bean named 'passwordEncoder'
2026-04-13T09:26:33.353-05:00 DEBUG 161371 --- [01-WebFlux] [main] o.s.b.f.s.DefaultListableBeanFactory     : Creating shared instance of singleton bean 'reactiveAuthenticationManagerPostProcessor'
2026-04-13T09:26:33.380-05:00 DEBUG 161371 --- [01-WebFlux] [main] o.s.b.f.s.DefaultListableBeanFactory     : Creating shared instance of singleton bean 'jwtAuthFilter'
2026-04-13T09:26:33.381-05:00 DEBUG 161371 --- [01-WebFlux] [main] o.s.b.f.s.DefaultListableBeanFactory     : Autowiring by type from bean name 'jwtAuthFilter' via factory method to bean named 'reactiveAuthenticationManager'
2026-04-13T09:26:33.381-05:00 DEBUG 161371 --- [01-WebFlux] [main] o.s.b.f.s.DefaultListableBeanFactory     : Autowiring by type from bean name 'jwtAuthFilter' via factory method to bean named 'bearerTokenServerAuthenticationConverter'
2026-04-13T09:26:33.383-05:00 DEBUG 161371 --- [01-WebFlux] [main] o.s.b.f.s.DefaultListableBeanFactory     : Autowiring by type from bean name 'securityWebFilterChain' via factory method to bean named 'org.springframework.security.config.annotation.web.reactive.HttpSecurityConfiguration.httpSecurity'
2026-04-13T09:26:33.383-05:00 DEBUG 161371 --- [01-WebFlux] [main] o.s.b.f.s.DefaultListableBeanFactory     : Autowiring by type from bean name 'securityWebFilterChain' via factory method to bean named 'jwtAuthFilter'
2026-04-13T09:26:33.385-05:00 DEBUG 161371 --- [01-WebFlux] [main] o.s.b.f.s.DefaultListableBeanFactory     : Creating shared instance of singleton bean 'webAuthorizationManagerPostProcessor'
2026-04-13T09:26:33.386-05:00 DEBUG 161371 --- [01-WebFlux] [main] o.s.b.f.s.DefaultListableBeanFactory     : Creating shared instance of singleton bean 'requestMappingHandlerMapping'
2026-04-13T09:26:33.387-05:00 DEBUG 161371 --- [01-WebFlux] [main] o.s.b.f.s.DefaultListableBeanFactory     : Creating shared instance of singleton bean 'webFluxContentTypeResolver'
2026-04-13T09:26:33.387-05:00 DEBUG 161371 --- [01-WebFlux] [main] o.s.b.f.s.DefaultListableBeanFactory     : Autowiring by type from bean name 'requestMappingHandlerMapping' via factory method to bean named 'webFluxContentTypeResolver'
2026-04-13T09:26:33.395-05:00 DEBUG 161371 --- [01-WebFlux] [main] _.s.w.reactive.HandlerMapping.Mappings   : 
	c.e.w.i.A.c.AssetsMediaController:
	
2026-04-13T09:26:33.408-05:00 DEBUG 161371 --- [01-WebFlux] [main] _.s.w.reactive.HandlerMapping.Mappings   : 
	c.e.w.i.a.c.AuthController:
	{POST /auth/register}: register(RegisterUserRequestDto)
	{GET /auth/status}: status()
	{GET /auth/me}: me(Authentication)
	{POST /auth/refresh/rotate}: rotate(ServerHttpRequest,ServerHttpResponse)
	{POST /auth/refresh}: refresh(ServerHttpRequest)
	{POST /auth/logout}: logout(ServerHttpRequest,ServerHttpResponse)
	{POST /auth/login}: login(LoginUserRequestDto,ServerHttpResponse)
2026-04-13T09:26:33.413-05:00 DEBUG 161371 --- [01-WebFlux] [main] _.s.w.reactive.HandlerMapping.Mappings   : 
	c.e.w.i.e.c.EmailVerificationTokenController:
	{GET /email/verify}: verifiedEmailToken(String)
2026-04-13T09:26:33.415-05:00 DEBUG 161371 --- [01-WebFlux] [main] _.s.w.reactive.HandlerMapping.Mappings   : 
	c.e.w.i.l.c.ListingController:
	{PATCH /listing/{id}/status}: changeStatusListing(UUID,ChangeStatusRequestDto)
	{GET /listing}: getAllListings(String,int,ListingStatusReview,ListingPublicationStatus,Authentication)
	{GET /listing/{id}}: getListingById(Authentication,UUID)
	{POST /listing/{listingId}/media, consumes [multipart/form-data]}: uploadAssetsMedia(FilePart,Authentication,UUID)
2026-04-13T09:26:33.419-05:00 DEBUG 161371 --- [01-WebFlux] [main] _.s.w.reactive.HandlerMapping.Mappings   : 
	c.e.w.i.o.c.OrderController:
	{POST /users/{userId}/orders}: createOrder()
2026-04-13T09:26:33.419-05:00 DEBUG 161371 --- [01-WebFlux] [main] _.s.w.reactive.HandlerMapping.Mappings   : 
	c.e.w.i.p.c.ProductController:
	{GET /products}: getAllProducts(int,int,String,Instant,Authentication)
	{GET /products/{id}}: getProductById(UUID,Authentication)
2026-04-13T09:26:33.420-05:00 DEBUG 161371 --- [01-WebFlux] [main] _.s.w.reactive.HandlerMapping.Mappings   : 
	c.e.w.i.t.StatusController:
	{GET /status}: status()
2026-04-13T09:26:33.441-05:00 DEBUG 161371 --- [01-WebFlux] [main] _.s.w.reactive.HandlerMapping.Mappings   : 
	o.s.w.a.OpenApiWebfluxResource:
	{GET /v3/api-docs, produces [application/json]}: openapiJson(ServerHttpRequest,String,Locale)
	{GET /v3/api-docs.yaml, produces [application/vnd.oai.openapi]}: openapiYaml(ServerHttpRequest,String,Locale)
2026-04-13T09:26:33.442-05:00 DEBUG 161371 --- [01-WebFlux] [main] _.s.w.reactive.HandlerMapping.Mappings   : 
	o.s.w.u.SwaggerWelcomeWebFlux:
	{GET /swagger-ui.html}: redirectToUi(ServerHttpRequest,ServerHttpResponse)
2026-04-13T09:26:33.442-05:00 DEBUG 161371 --- [01-WebFlux] [main] _.s.w.reactive.HandlerMapping.Mappings   : 
	o.s.w.u.SwaggerConfigResource:
	{GET /v3/api-docs/swagger-config, produces [application/json]}: getSwaggerUiConfig(ServerHttpRequest)
2026-04-13T09:26:33.446-05:00 DEBUG 161371 --- [01-WebFlux] [main] s.w.r.r.m.a.RequestMappingHandlerMapping : 20 mappings in 'requestMappingHandlerMapping'
2026-04-13T09:26:33.456-05:00 DEBUG 161371 --- [01-WebFlux] [main] o.s.b.f.s.DefaultListableBeanFactory     : Creating shared instance of singleton bean 'org.springframework.boot.autoconfigure.context.PropertyPlaceholderAutoConfiguration'
2026-04-13T09:26:33.456-05:00 DEBUG 161371 --- [01-WebFlux] [main] o.s.b.f.s.DefaultListableBeanFactory     : Creating shared instance of singleton bean 'org.springframework.boot.autoconfigure.jackson.JacksonAutoConfiguration$Jackson2ObjectMapperBuilderCustomizerConfiguration'
2026-04-13T09:26:33.457-05:00 DEBUG 161371 --- [01-WebFlux] [main] o.s.b.f.s.DefaultListableBeanFactory     : Creating shared instance of singleton bean 'standardJacksonObjectMapperBuilderCustomizer'
2026-04-13T09:26:33.457-05:00 DEBUG 161371 --- [01-WebFlux] [main] o.s.b.f.s.DefaultListableBeanFactory     : Creating shared instance of singleton bean 'spring.jackson-org.springframework.boot.autoconfigure.jackson.JacksonProperties'
2026-04-13T09:26:33.460-05:00 DEBUG 161371 --- [01-WebFlux] [main] o.s.b.f.s.DefaultListableBeanFactory     : Autowiring by type from bean name 'standardJacksonObjectMapperBuilderCustomizer' via factory method to bean named 'spring.jackson-org.springframework.boot.autoconfigure.jackson.JacksonProperties'
2026-04-13T09:26:33.461-05:00 DEBUG 161371 --- [01-WebFlux] [main] o.s.b.f.s.DefaultListableBeanFactory     : Creating shared instance of singleton bean 'parameterNamesModule'
2026-04-13T09:26:33.461-05:00 DEBUG 161371 --- [01-WebFlux] [main] o.s.b.f.s.DefaultListableBeanFactory     : Creating shared instance of singleton bean 'org.springframework.boot.autoconfigure.jackson.JacksonAutoConfiguration$ParameterNamesModuleConfiguration'
2026-04-13T09:26:33.463-05:00 DEBUG 161371 --- [01-WebFlux] [main] o.s.b.f.s.DefaultListableBeanFactory     : Creating shared instance of singleton bean 'jsonMixinModule'
2026-04-13T09:26:33.463-05:00 DEBUG 161371 --- [01-WebFlux] [main] o.s.b.f.s.DefaultListableBeanFactory     : Creating shared instance of singleton bean 'org.springframework.boot.autoconfigure.jackson.JacksonAutoConfiguration$JacksonMixinConfiguration'
2026-04-13T09:26:33.464-05:00 DEBUG 161371 --- [01-WebFlux] [main] o.s.b.f.s.DefaultListableBeanFactory     : Creating shared instance of singleton bean 'jsonMixinModuleEntries'
2026-04-13T09:26:33.466-05:00 DEBUG 161371 --- [01-WebFlux] [main] o.s.b.f.s.DefaultListableBeanFactory     : Autowiring by type from bean name 'jsonMixinModuleEntries' via factory method to bean named 'org.springframework.boot.web.reactive.context.AnnotationConfigReactiveWebServerApplicationContext@4758820d'
2026-04-13T09:26:33.478-05:00 DEBUG 161371 --- [01-WebFlux] [main] o.s.b.f.s.DefaultListableBeanFactory     : Autowiring by type from bean name 'jsonMixinModule' via factory method to bean named 'org.springframework.boot.web.reactive.context.AnnotationConfigReactiveWebServerApplicationContext@4758820d'
2026-04-13T09:26:33.478-05:00 DEBUG 161371 --- [01-WebFlux] [main] o.s.b.f.s.DefaultListableBeanFactory     : Autowiring by type from bean name 'jsonMixinModule' via factory method to bean named 'jsonMixinModuleEntries'
2026-04-13T09:26:33.480-05:00 DEBUG 161371 --- [01-WebFlux] [main] o.s.b.f.s.DefaultListableBeanFactory     : Creating shared instance of singleton bean 'jsonComponentModule'
2026-04-13T09:26:33.480-05:00 DEBUG 161371 --- [01-WebFlux] [main] o.s.b.f.s.DefaultListableBeanFactory     : Creating shared instance of singleton bean 'org.springframework.boot.autoconfigure.jackson.JacksonAutoConfiguration'
2026-04-13T09:26:33.486-05:00 DEBUG 161371 --- [01-WebFlux] [main] o.s.b.f.s.DefaultListableBeanFactory     : Creating shared instance of singleton bean 'org.springframework.boot.autoconfigure.jackson.JacksonAutoConfiguration$JacksonObjectMapperBuilderConfiguration'
2026-04-13T09:26:33.486-05:00 DEBUG 161371 --- [01-WebFlux] [main] o.s.b.f.s.DefaultListableBeanFactory     : Creating shared instance of singleton bean 'org.springframework.boot.autoconfigure.jackson.JacksonAutoConfiguration$JacksonObjectMapperConfiguration'
2026-04-13T09:26:33.487-05:00 DEBUG 161371 --- [01-WebFlux] [main] o.s.b.f.s.DefaultListableBeanFactory     : Creating shared instance of singleton bean 'org.springframework.boot.autoconfigure.http.codec.CodecsAutoConfiguration$DefaultCodecsConfiguration'
2026-04-13T09:26:33.487-05:00 DEBUG 161371 --- [01-WebFlux] [main] o.s.b.f.s.DefaultListableBeanFactory     : Creating shared instance of singleton bean 'defaultCodecCustomizer'
2026-04-13T09:26:33.488-05:00 DEBUG 161371 --- [01-WebFlux] [main] o.s.b.f.s.DefaultListableBeanFactory     : Creating shared instance of singleton bean 'spring.codec-org.springframework.boot.autoconfigure.codec.CodecProperties'
2026-04-13T09:26:33.489-05:00 DEBUG 161371 --- [01-WebFlux] [main] o.s.b.f.s.DefaultListableBeanFactory     : Creating shared instance of singleton bean 'spring.http.codecs-org.springframework.boot.autoconfigure.http.codec.HttpCodecsProperties'
2026-04-13T09:26:33.490-05:00 DEBUG 161371 --- [01-WebFlux] [main] o.s.b.f.s.DefaultListableBeanFactory     : Autowiring by type from bean name 'defaultCodecCustomizer' via factory method to bean named 'spring.codec-org.springframework.boot.autoconfigure.codec.CodecProperties'
2026-04-13T09:26:33.490-05:00 DEBUG 161371 --- [01-WebFlux] [main] o.s.b.f.s.DefaultListableBeanFactory     : Autowiring by type from bean name 'defaultCodecCustomizer' via factory method to bean named 'spring.http.codecs-org.springframework.boot.autoconfigure.http.codec.HttpCodecsProperties'
2026-04-13T09:26:33.490-05:00 DEBUG 161371 --- [01-WebFlux] [main] o.s.b.f.s.DefaultListableBeanFactory     : Autowiring by type from bean name 'defaultCodecCustomizer' via factory method to bean named 'environment'
2026-04-13T09:26:33.491-05:00 DEBUG 161371 --- [01-WebFlux] [main] o.s.b.f.s.DefaultListableBeanFactory     : Creating shared instance of singleton bean 'org.springframework.boot.autoconfigure.http.codec.CodecsAutoConfiguration$JacksonCodecConfiguration'
2026-04-13T09:26:33.492-05:00 DEBUG 161371 --- [01-WebFlux] [main] o.s.b.f.s.DefaultListableBeanFactory     : Creating shared instance of singleton bean 'jacksonCodecCustomizer'
2026-04-13T09:26:33.492-05:00 DEBUG 161371 --- [01-WebFlux] [main] o.s.b.f.s.DefaultListableBeanFactory     : Autowiring by type from bean name 'jacksonCodecCustomizer' via factory method to bean named 'objectMapper'
2026-04-13T09:26:33.493-05:00 DEBUG 161371 --- [01-WebFlux] [main] o.s.b.f.s.DefaultListableBeanFactory     : Creating shared instance of singleton bean 'org.springframework.boot.autoconfigure.http.codec.CodecsAutoConfiguration'
2026-04-13T09:26:33.493-05:00 DEBUG 161371 --- [01-WebFlux] [main] o.s.b.f.s.DefaultListableBeanFactory     : Creating shared instance of singleton bean 'org.springframework.boot.autoconfigure.validation.ValidationAutoConfiguration'
2026-04-13T09:26:33.494-05:00 DEBUG 161371 --- [01-WebFlux] [main] o.s.b.f.s.DefaultListableBeanFactory     : Creating shared instance of singleton bean 'defaultValidator'
2026-04-13T09:26:33.494-05:00 DEBUG 161371 --- [01-WebFlux] [main] o.s.b.f.s.DefaultListableBeanFactory     : Autowiring by type from bean name 'defaultValidator' via factory method to bean named 'org.springframework.boot.web.reactive.context.AnnotationConfigReactiveWebServerApplicationContext@4758820d'
2026-04-13T09:26:33.496-05:00 DEBUG 161371 --- [01-WebFlux] [main] .h.v.m.ResourceBundleMessageInterpolator : Loaded expression factory via original TCCL
2026-04-13T09:26:33.497-05:00 DEBUG 161371 --- [01-WebFlux] [main] o.h.v.i.e.AbstractConfigurationImpl      : Setting custom MessageInterpolator of type org.springframework.validation.beanvalidation.LocaleContextMessageInterpolator
2026-04-13T09:26:33.498-05:00 DEBUG 161371 --- [01-WebFlux] [main] o.h.v.i.e.AbstractConfigurationImpl      : Setting custom ConstraintValidatorFactory of type org.springframework.validation.beanvalidation.SpringConstraintValidatorFactory
2026-04-13T09:26:33.499-05:00 DEBUG 161371 --- [01-WebFlux] [main] o.h.v.i.xml.config.ValidationXmlParser   : Trying to load META-INF/validation.xml for XML based Validator configuration.
2026-04-13T09:26:33.499-05:00 DEBUG 161371 --- [01-WebFlux] [main] o.h.v.i.xml.config.ResourceLoaderHelper  : Trying to load META-INF/validation.xml via user class loader
2026-04-13T09:26:33.499-05:00 DEBUG 161371 --- [01-WebFlux] [main] o.h.v.i.xml.config.ResourceLoaderHelper  : Trying to load META-INF/validation.xml via TCCL
2026-04-13T09:26:33.499-05:00 DEBUG 161371 --- [01-WebFlux] [main] o.h.v.i.xml.config.ResourceLoaderHelper  : Trying to load META-INF/validation.xml via Hibernate Validator's class loader
2026-04-13T09:26:33.499-05:00 DEBUG 161371 --- [01-WebFlux] [main] o.h.v.i.xml.config.ValidationXmlParser   : No META-INF/validation.xml found. Using annotation based configuration only.
2026-04-13T09:26:33.499-05:00 DEBUG 161371 --- [01-WebFlux] [main] o.h.v.i.e.resolver.TraversableResolvers  : Cannot find jakarta.persistence.Persistence on classpath. Assuming non JPA 2 environment. All properties will per default be traversable.
2026-04-13T09:26:33.500-05:00 DEBUG 161371 --- [01-WebFlux] [main] .i.e.ValidatorFactoryConfigurationHelper : HV000252: Using org.hibernate.validator.internal.engine.DefaultPropertyNodeNameProvider as property node name provider.
2026-04-13T09:26:33.500-05:00 DEBUG 161371 --- [01-WebFlux] [main] .i.e.ValidatorFactoryConfigurationHelper : HV000234: Using org.springframework.validation.beanvalidation.LocaleContextMessageInterpolator as ValidatorFactory-scoped message interpolator.
2026-04-13T09:26:33.500-05:00 DEBUG 161371 --- [01-WebFlux] [main] .i.e.ValidatorFactoryConfigurationHelper : HV000234: Using org.hibernate.validator.internal.engine.resolver.TraverseAllTraversableResolver as ValidatorFactory-scoped traversable resolver.
2026-04-13T09:26:33.500-05:00 DEBUG 161371 --- [01-WebFlux] [main] .i.e.ValidatorFactoryConfigurationHelper : HV000234: Using org.hibernate.validator.internal.util.ExecutableParameterNameProvider as ValidatorFactory-scoped parameter name provider.
2026-04-13T09:26:33.500-05:00 DEBUG 161371 --- [01-WebFlux] [main] .i.e.ValidatorFactoryConfigurationHelper : HV000234: Using org.hibernate.validator.internal.engine.DefaultClockProvider as ValidatorFactory-scoped clock provider.
2026-04-13T09:26:33.500-05:00 DEBUG 161371 --- [01-WebFlux] [main] .i.e.ValidatorFactoryConfigurationHelper : HV000234: Using org.hibernate.validator.internal.engine.scripting.DefaultScriptEvaluatorFactory as ValidatorFactory-scoped script evaluator factory.
2026-04-13T09:26:33.504-05:00 DEBUG 161371 --- [01-WebFlux] [main] o.s.b.f.s.DefaultListableBeanFactory     : Creating shared instance of singleton bean 'org.springframework.boot.autoconfigure.web.reactive.ReactiveMultipartAutoConfiguration'
2026-04-13T09:26:33.505-05:00 DEBUG 161371 --- [01-WebFlux] [main] o.s.b.f.s.DefaultListableBeanFactory     : Creating shared instance of singleton bean 'defaultPartHttpMessageReaderCustomizer'
2026-04-13T09:26:33.505-05:00 DEBUG 161371 --- [01-WebFlux] [main] o.s.b.f.s.DefaultListableBeanFactory     : Creating shared instance of singleton bean 'spring.webflux.multipart-org.springframework.boot.autoconfigure.web.reactive.ReactiveMultipartProperties'
2026-04-13T09:26:33.507-05:00 DEBUG 161371 --- [01-WebFlux] [main] o.s.b.f.s.DefaultListableBeanFactory     : Autowiring by type from bean name 'defaultPartHttpMessageReaderCustomizer' via factory method to bean named 'spring.webflux.multipart-org.springframework.boot.autoconfigure.web.reactive.ReactiveMultipartProperties'
2026-04-13T09:26:33.507-05:00 DEBUG 161371 --- [01-WebFlux] [main] o.s.b.f.s.DefaultListableBeanFactory     : Creating shared instance of singleton bean 'org.springframework.boot.autoconfigure.web.reactive.WebSessionIdResolverAutoConfiguration'
2026-04-13T09:26:33.508-05:00 DEBUG 161371 --- [01-WebFlux] [main] o.s.b.f.s.DefaultListableBeanFactory     : Autowiring by type from bean name 'org.springframework.boot.autoconfigure.web.reactive.WebSessionIdResolverAutoConfiguration' via constructor to bean named 'server-org.springframework.boot.autoconfigure.web.ServerProperties'
2026-04-13T09:26:33.508-05:00 DEBUG 161371 --- [01-WebFlux] [main] o.s.b.f.s.DefaultListableBeanFactory     : Autowiring by type from bean name 'org.springframework.boot.autoconfigure.web.reactive.WebSessionIdResolverAutoConfiguration' via constructor to bean named 'spring.webflux-org.springframework.boot.autoconfigure.web.reactive.WebFluxProperties'
2026-04-13T09:26:33.508-05:00 DEBUG 161371 --- [01-WebFlux] [main] o.s.b.f.s.DefaultListableBeanFactory     : Creating shared instance of singleton bean 'webSessionIdResolver'
2026-04-13T09:26:33.510-05:00 DEBUG 161371 --- [01-WebFlux] [main] o.s.b.f.s.DefaultListableBeanFactory     : Creating shared instance of singleton bean 'org.springframework.boot.autoconfigure.web.reactive.error.ErrorWebFluxAutoConfiguration'
2026-04-13T09:26:33.510-05:00 DEBUG 161371 --- [01-WebFlux] [main] o.s.b.f.s.DefaultListableBeanFactory     : Autowiring by type from bean name 'org.springframework.boot.autoconfigure.web.reactive.error.ErrorWebFluxAutoConfiguration' via constructor to bean named 'server-org.springframework.boot.autoconfigure.web.ServerProperties'
2026-04-13T09:26:33.510-05:00 DEBUG 161371 --- [01-WebFlux] [main] o.s.b.f.s.DefaultListableBeanFactory     : Creating shared instance of singleton bean 'errorWebExceptionHandler'
2026-04-13T09:26:33.511-05:00 DEBUG 161371 --- [01-WebFlux] [main] o.s.b.f.s.DefaultListableBeanFactory     : Creating shared instance of singleton bean 'errorAttributes'
2026-04-13T09:26:33.512-05:00 DEBUG 161371 --- [01-WebFlux] [main] o.s.b.f.s.DefaultListableBeanFactory     : Creating shared instance of singleton bean 'serverCodecConfigurer'
2026-04-13T09:26:33.544-05:00 DEBUG 161371 --- [01-WebFlux] [main] o.s.b.f.s.DefaultListableBeanFactory     : Autowiring by type from bean name 'errorWebExceptionHandler' via factory method to bean named 'errorAttributes'
2026-04-13T09:26:33.544-05:00 DEBUG 161371 --- [01-WebFlux] [main] o.s.b.f.s.DefaultListableBeanFactory     : Autowiring by type from bean name 'errorWebExceptionHandler' via factory method to bean named 'spring.web-org.springframework.boot.autoconfigure.web.WebProperties'
2026-04-13T09:26:33.544-05:00 DEBUG 161371 --- [01-WebFlux] [main] o.s.b.f.s.DefaultListableBeanFactory     : Autowiring by type from bean name 'errorWebExceptionHandler' via factory method to bean named 'serverCodecConfigurer'
2026-04-13T09:26:33.544-05:00 DEBUG 161371 --- [01-WebFlux] [main] o.s.b.f.s.DefaultListableBeanFactory     : Autowiring by type from bean name 'errorWebExceptionHandler' via factory method to bean named 'org.springframework.boot.web.reactive.context.AnnotationConfigReactiveWebServerApplicationContext@4758820d'
2026-04-13T09:26:33.550-05:00 DEBUG 161371 --- [01-WebFlux] [main] o.s.b.f.s.DefaultListableBeanFactory     : Creating shared instance of singleton bean 'webFluxConversionService'
2026-04-13T09:26:33.555-05:00 DEBUG 161371 --- [01-WebFlux] [main] o.s.b.f.s.DefaultListableBeanFactory     : Creating shared instance of singleton bean 'webFluxValidator'
2026-04-13T09:26:33.558-05:00 DEBUG 161371 --- [01-WebFlux] [main] o.s.b.f.s.DefaultListableBeanFactory     : Creating shared instance of singleton bean 'localeContextResolver'
2026-04-13T09:26:33.559-05:00 DEBUG 161371 --- [01-WebFlux] [main] o.s.b.f.s.DefaultListableBeanFactory     : Creating shared instance of singleton bean 'webSessionManager'
2026-04-13T09:26:33.561-05:00 DEBUG 161371 --- [01-WebFlux] [main] o.s.b.f.s.DefaultListableBeanFactory     : Creating shared instance of singleton bean 'webHandler'
2026-04-13T09:26:33.562-05:00 DEBUG 161371 --- [01-WebFlux] [main] o.s.b.f.s.DefaultListableBeanFactory     : Creating shared instance of singleton bean 'routerFunctionMapping'
2026-04-13T09:26:33.563-05:00 DEBUG 161371 --- [01-WebFlux] [main] o.s.b.f.s.DefaultListableBeanFactory     : Autowiring by type from bean name 'routerFunctionMapping' via factory method to bean named 'serverCodecConfigurer'
2026-04-13T09:26:33.566-05:00 DEBUG 161371 --- [01-WebFlux] [main] o.s.b.f.s.DefaultListableBeanFactory     : Creating shared instance of singleton bean 'resourceHandlerMapping'
2026-04-13T09:26:33.566-05:00 DEBUG 161371 --- [01-WebFlux] [main] o.s.b.f.s.DefaultListableBeanFactory     : Creating shared instance of singleton bean 'resourceUrlProvider'
2026-04-13T09:26:33.568-05:00 DEBUG 161371 --- [01-WebFlux] [main] o.s.b.f.s.DefaultListableBeanFactory     : Autowiring by type from bean name 'resourceHandlerMapping' via factory method to bean named 'resourceUrlProvider'
2026-04-13T09:26:33.575-05:00 DEBUG 161371 --- [01-WebFlux] [main] _.s.w.reactive.HandlerMapping.Mappings   : 'resourceHandlerMapping' {/webjars/**=ResourceWebHandler [classpath [META-INF/resources/webjars/]], /**=ResourceWebHandler [classpath [META-INF/resources/], classpath [resources/], classpath [static/], classpath [public/]]}
2026-04-13T09:26:33.576-05:00 DEBUG 161371 --- [01-WebFlux] [main] o.s.b.f.s.DefaultListableBeanFactory     : Creating shared instance of singleton bean 'welcomePageRouterFunctionMapping'
2026-04-13T09:26:33.576-05:00 DEBUG 161371 --- [01-WebFlux] [main] o.s.b.f.s.DefaultListableBeanFactory     : Creating shared instance of singleton bean 'org.springframework.boot.autoconfigure.web.reactive.WebFluxAutoConfiguration$WelcomePageConfiguration'
2026-04-13T09:26:33.577-05:00 DEBUG 161371 --- [01-WebFlux] [main] o.s.b.f.s.DefaultListableBeanFactory     : Autowiring by type from bean name 'welcomePageRouterFunctionMapping' via factory method to bean named 'org.springframework.boot.web.reactive.context.AnnotationConfigReactiveWebServerApplicationContext@4758820d'
2026-04-13T09:26:33.577-05:00 DEBUG 161371 --- [01-WebFlux] [main] o.s.b.f.s.DefaultListableBeanFactory     : Autowiring by type from bean name 'welcomePageRouterFunctionMapping' via factory method to bean named 'spring.webflux-org.springframework.boot.autoconfigure.web.reactive.WebFluxProperties'
2026-04-13T09:26:33.577-05:00 DEBUG 161371 --- [01-WebFlux] [main] o.s.b.f.s.DefaultListableBeanFactory     : Autowiring by type from bean name 'welcomePageRouterFunctionMapping' via factory method to bean named 'spring.web-org.springframework.boot.autoconfigure.web.WebProperties'
2026-04-13T09:26:33.580-05:00 DEBUG 161371 --- [01-WebFlux] [main] o.s.b.f.s.DefaultListableBeanFactory     : Creating shared instance of singleton bean 'requestMappingHandlerAdapter'
2026-04-13T09:26:33.581-05:00 DEBUG 161371 --- [01-WebFlux] [main] o.s.b.f.s.DefaultListableBeanFactory     : Autowiring by type from bean name 'requestMappingHandlerAdapter' via factory method to bean named 'webFluxAdapterRegistry'
2026-04-13T09:26:33.581-05:00 DEBUG 161371 --- [01-WebFlux] [main] o.s.b.f.s.DefaultListableBeanFactory     : Autowiring by type from bean name 'requestMappingHandlerAdapter' via factory method to bean named 'serverCodecConfigurer'
2026-04-13T09:26:33.581-05:00 DEBUG 161371 --- [01-WebFlux] [main] o.s.b.f.s.DefaultListableBeanFactory     : Autowiring by type from bean name 'requestMappingHandlerAdapter' via factory method to bean named 'webFluxConversionService'
2026-04-13T09:26:33.581-05:00 DEBUG 161371 --- [01-WebFlux] [main] o.s.b.f.s.DefaultListableBeanFactory     : Autowiring by type from bean name 'requestMappingHandlerAdapter' via factory method to bean named 'webFluxContentTypeResolver'
2026-04-13T09:26:33.581-05:00 DEBUG 161371 --- [01-WebFlux] [main] o.s.b.f.s.DefaultListableBeanFactory     : Autowiring by type from bean name 'requestMappingHandlerAdapter' via factory method to bean named 'webFluxValidator'
2026-04-13T09:26:33.585-05:00 DEBUG 161371 --- [01-WebFlux] [main] o.s.b.f.s.DefaultListableBeanFactory     : Creating shared instance of singleton bean 'authenticationPrincipalArgumentResolver'
2026-04-13T09:26:33.586-05:00 DEBUG 161371 --- [01-WebFlux] [main] o.s.b.f.s.DefaultListableBeanFactory     : Creating shared instance of singleton bean 'reactiveCurrentSecurityContextArgumentResolver'
2026-04-13T09:26:33.604-05:00 DEBUG 161371 --- [01-WebFlux] [main] o.s.b.f.s.DefaultListableBeanFactory     : Creating shared instance of singleton bean 'org.springdoc.core.configuration.SpringDocConfiguration$OpenApiResourceAdvice'
2026-04-13T09:26:33.605-05:00 DEBUG 161371 --- [01-WebFlux] [main] o.s.b.f.s.DefaultListableBeanFactory     : Autowiring by type from bean name 'org.springdoc.core.configuration.SpringDocConfiguration$OpenApiResourceAdvice' via constructor to bean named 'org.springdoc.core.configuration.SpringDocConfiguration'
2026-04-13T09:26:33.610-05:00 DEBUG 161371 --- [01-WebFlux] [main] o.s.w.r.r.m.a.ControllerMethodResolver   : ControllerAdvice beans: 0 @ModelAttribute, 0 @InitBinder, 7 @ExceptionHandler
2026-04-13T09:26:33.611-05:00 DEBUG 161371 --- [01-WebFlux] [main] o.s.b.f.s.DefaultListableBeanFactory     : Creating shared instance of singleton bean 'handlerFunctionAdapter'
2026-04-13T09:26:33.612-05:00 DEBUG 161371 --- [01-WebFlux] [main] o.s.b.f.s.DefaultListableBeanFactory     : Creating shared instance of singleton bean 'simpleHandlerAdapter'
2026-04-13T09:26:33.612-05:00 DEBUG 161371 --- [01-WebFlux] [main] o.s.b.f.s.DefaultListableBeanFactory     : Creating shared instance of singleton bean 'webFluxWebSocketHandlerAdapter'
2026-04-13T09:26:33.617-05:00 DEBUG 161371 --- [01-WebFlux] [main] o.s.b.f.s.DefaultListableBeanFactory     : Creating shared instance of singleton bean 'responseEntityResultHandler'
2026-04-13T09:26:33.618-05:00 DEBUG 161371 --- [01-WebFlux] [main] o.s.b.f.s.DefaultListableBeanFactory     : Autowiring by type from bean name 'responseEntityResultHandler' via factory method to bean named 'webFluxAdapterRegistry'
2026-04-13T09:26:33.618-05:00 DEBUG 161371 --- [01-WebFlux] [main] o.s.b.f.s.DefaultListableBeanFactory     : Autowiring by type from bean name 'responseEntityResultHandler' via factory method to bean named 'serverCodecConfigurer'
2026-04-13T09:26:33.618-05:00 DEBUG 161371 --- [01-WebFlux] [main] o.s.b.f.s.DefaultListableBeanFactory     : Autowiring by type from bean name 'responseEntityResultHandler' via factory method to bean named 'webFluxContentTypeResolver'
2026-04-13T09:26:33.621-05:00 DEBUG 161371 --- [01-WebFlux] [main] o.s.b.f.s.DefaultListableBeanFactory     : Creating shared instance of singleton bean 'responseBodyResultHandler'
2026-04-13T09:26:33.621-05:00 DEBUG 161371 --- [01-WebFlux] [main] o.s.b.f.s.DefaultListableBeanFactory     : Autowiring by type from bean name 'responseBodyResultHandler' via factory method to bean named 'webFluxAdapterRegistry'
2026-04-13T09:26:33.621-05:00 DEBUG 161371 --- [01-WebFlux] [main] o.s.b.f.s.DefaultListableBeanFactory     : Autowiring by type from bean name 'responseBodyResultHandler' via factory method to bean named 'serverCodecConfigurer'
2026-04-13T09:26:33.621-05:00 DEBUG 161371 --- [01-WebFlux] [main] o.s.b.f.s.DefaultListableBeanFactory     : Autowiring by type from bean name 'responseBodyResultHandler' via factory method to bean named 'webFluxContentTypeResolver'
2026-04-13T09:26:33.622-05:00 DEBUG 161371 --- [01-WebFlux] [main] o.s.b.f.s.DefaultListableBeanFactory     : Creating shared instance of singleton bean 'viewResolutionResultHandler'
2026-04-13T09:26:33.623-05:00 DEBUG 161371 --- [01-WebFlux] [main] o.s.b.f.s.DefaultListableBeanFactory     : Autowiring by type from bean name 'viewResolutionResultHandler' via factory method to bean named 'webFluxAdapterRegistry'
2026-04-13T09:26:33.623-05:00 DEBUG 161371 --- [01-WebFlux] [main] o.s.b.f.s.DefaultListableBeanFactory     : Autowiring by type from bean name 'viewResolutionResultHandler' via factory method to bean named 'webFluxContentTypeResolver'
2026-04-13T09:26:33.627-05:00 DEBUG 161371 --- [01-WebFlux] [main] o.s.b.f.s.DefaultListableBeanFactory     : Creating shared instance of singleton bean 'serverResponseResultHandler'
2026-04-13T09:26:33.627-05:00 DEBUG 161371 --- [01-WebFlux] [main] o.s.b.f.s.DefaultListableBeanFactory     : Autowiring by type from bean name 'serverResponseResultHandler' via factory method to bean named 'serverCodecConfigurer'
2026-04-13T09:26:33.629-05:00 DEBUG 161371 --- [01-WebFlux] [main] o.s.b.f.s.DefaultListableBeanFactory     : Creating shared instance of singleton bean 'responseStatusExceptionHandler'
2026-04-13T09:26:33.630-05:00 DEBUG 161371 --- [01-WebFlux] [main] o.s.b.f.s.DefaultListableBeanFactory     : Creating shared instance of singleton bean 'org.springframework.boot.autoconfigure.web.reactive.WebFluxAutoConfiguration'
2026-04-13T09:26:33.632-05:00 DEBUG 161371 --- [01-WebFlux] [main] o.s.b.f.s.DefaultListableBeanFactory     : Creating shared instance of singleton bean 'org.springframework.boot.autoconfigure.web.reactive.HttpHandlerAutoConfiguration$AnnotationConfig'
2026-04-13T09:26:33.632-05:00 DEBUG 161371 --- [01-WebFlux] [main] o.s.b.f.s.DefaultListableBeanFactory     : Autowiring by type from bean name 'org.springframework.boot.autoconfigure.web.reactive.HttpHandlerAutoConfiguration$AnnotationConfig' via constructor to bean named 'org.springframework.boot.web.reactive.context.AnnotationConfigReactiveWebServerApplicationContext@4758820d'
2026-04-13T09:26:33.633-05:00 DEBUG 161371 --- [01-WebFlux] [main] o.s.b.f.s.DefaultListableBeanFactory     : Creating shared instance of singleton bean 'httpHandler'
2026-04-13T09:26:33.633-05:00 DEBUG 161371 --- [01-WebFlux] [main] o.s.b.f.s.DefaultListableBeanFactory     : Creating shared instance of singleton bean 'org.springframework.security.config.annotation.web.reactive.WebFluxSecurityConfiguration.WebFilterChainFilter'
2026-04-13T09:26:33.633-05:00 DEBUG 161371 --- [01-WebFlux] [main] o.s.b.f.s.DefaultListableBeanFactory     : Creating shared instance of singleton bean 'org.springframework.security.config.annotation.web.reactive.WebFluxSecurityConfiguration'
2026-04-13T09:26:33.635-05:00 DEBUG 161371 --- [01-WebFlux] [main] o.s.b.f.s.DefaultListableBeanFactory     : Creating shared instance of singleton bean 'filterChainDecoratorPostProcessor'
2026-04-13T09:26:33.647-05:00 DEBUG 161371 --- [01-WebFlux] [main] o.s.w.s.adapter.HttpWebHandlerAdapter    : enableLoggingRequestDetails='false': form data and headers will be masked to prevent unsafe logging of potentially sensitive data
2026-04-13T09:26:33.648-05:00 DEBUG 161371 --- [01-WebFlux] [main] o.s.b.f.s.DefaultListableBeanFactory     : Creating shared instance of singleton bean 'org.springframework.boot.autoconfigure.web.reactive.HttpHandlerAutoConfiguration'
2026-04-13T09:26:33.648-05:00 DEBUG 161371 --- [01-WebFlux] [main] o.s.b.f.s.DefaultListableBeanFactory     : Creating shared instance of singleton bean 'org.springdoc.core.configuration.SpringDocConfiguration$QuerydslProvider'
2026-04-13T09:26:33.649-05:00 DEBUG 161371 --- [01-WebFlux] [main] o.s.b.f.s.DefaultListableBeanFactory     : Creating shared instance of singleton bean 'queryDslQuerydslPredicateOperationCustomizer'
2026-04-13T09:26:33.650-05:00 DEBUG 161371 --- [01-WebFlux] [main] o.s.b.f.s.DefaultListableBeanFactory     : Autowiring by type from bean name 'queryDslQuerydslPredicateOperationCustomizer' via factory method to bean named 'org.springdoc.core.properties.SpringDocConfigProperties'
2026-04-13T09:26:33.650-05:00 DEBUG 161371 --- [01-WebFlux] [main] o.s.b.f.s.DefaultListableBeanFactory     : Creating shared instance of singleton bean 'org.springdoc.core.configuration.SpringDocConfiguration$SpringDocWebFluxSupportConfiguration'
2026-04-13T09:26:33.651-05:00 DEBUG 161371 --- [01-WebFlux] [main] o.s.b.f.s.DefaultListableBeanFactory     : Creating shared instance of singleton bean 'webFluxSupportConverter'
2026-04-13T09:26:33.651-05:00 DEBUG 161371 --- [01-WebFlux] [main] o.s.b.f.s.DefaultListableBeanFactory     : Autowiring by type from bean name 'webFluxSupportConverter' via factory method to bean named 'springdocObjectMapperProvider'
2026-04-13T09:26:33.653-05:00 DEBUG 161371 --- [01-WebFlux] [main] o.s.b.f.s.DefaultListableBeanFactory     : Creating shared instance of singleton bean 'org.springdoc.core.configuration.SpringDocConfiguration$SpringDocSpringDataWebPropertiesProvider'
2026-04-13T09:26:33.654-05:00 DEBUG 161371 --- [01-WebFlux] [main] o.s.b.f.s.DefaultListableBeanFactory     : Creating shared instance of singleton bean 'springDataWebPropertiesProvider'
2026-04-13T09:26:33.655-05:00 DEBUG 161371 --- [01-WebFlux] [main] o.s.b.f.s.DefaultListableBeanFactory     : Creating shared instance of singleton bean 'org.springdoc.core.configuration.SpringDocConfiguration$WebConversionServiceConfiguration'
2026-04-13T09:26:33.655-05:00 DEBUG 161371 --- [01-WebFlux] [main] o.s.b.f.s.DefaultListableBeanFactory     : Creating shared instance of singleton bean 'webConversionServiceProvider'
2026-04-13T09:26:33.656-05:00 DEBUG 161371 --- [01-WebFlux] [main] o.s.b.f.s.DefaultListableBeanFactory     : Creating shared instance of singleton bean 'localSpringDocParameterNameDiscoverer'
2026-04-13T09:26:33.656-05:00 DEBUG 161371 --- [01-WebFlux] [main] o.s.b.f.s.DefaultListableBeanFactory     : Creating shared instance of singleton bean 'additionalModelsConverter'
2026-04-13T09:26:33.657-05:00 DEBUG 161371 --- [01-WebFlux] [main] o.s.b.f.s.DefaultListableBeanFactory     : Autowiring by type from bean name 'additionalModelsConverter' via factory method to bean named 'springdocObjectMapperProvider'
2026-04-13T09:26:33.657-05:00 DEBUG 161371 --- [01-WebFlux] [main] o.s.b.f.s.DefaultListableBeanFactory     : Creating shared instance of singleton bean 'fileSupportConverter'
2026-04-13T09:26:33.657-05:00 DEBUG 161371 --- [01-WebFlux] [main] o.s.b.f.s.DefaultListableBeanFactory     : Autowiring by type from bean name 'fileSupportConverter' via factory method to bean named 'springdocObjectMapperProvider'
2026-04-13T09:26:33.658-05:00 DEBUG 161371 --- [01-WebFlux] [main] o.s.b.f.s.DefaultListableBeanFactory     : Creating shared instance of singleton bean 'responseSupportConverter'
2026-04-13T09:26:33.658-05:00 DEBUG 161371 --- [01-WebFlux] [main] o.s.b.f.s.DefaultListableBeanFactory     : Autowiring by type from bean name 'responseSupportConverter' via factory method to bean named 'springdocObjectMapperProvider'
2026-04-13T09:26:33.658-05:00 DEBUG 161371 --- [01-WebFlux] [main] o.s.b.f.s.DefaultListableBeanFactory     : Creating shared instance of singleton bean 'schemaPropertyDeprecatingConverter'
2026-04-13T09:26:33.659-05:00 DEBUG 161371 --- [01-WebFlux] [main] o.s.b.f.s.DefaultListableBeanFactory     : Creating shared instance of singleton bean 'polymorphicModelConverter'
2026-04-13T09:26:33.659-05:00 DEBUG 161371 --- [01-WebFlux] [main] o.s.b.f.s.DefaultListableBeanFactory     : Autowiring by type from bean name 'polymorphicModelConverter' via factory method to bean named 'springdocObjectMapperProvider'
2026-04-13T09:26:33.659-05:00 DEBUG 161371 --- [01-WebFlux] [main] o.s.b.f.s.DefaultListableBeanFactory     : Creating shared instance of singleton bean 'openAPIBuilder'
2026-04-13T09:26:33.661-05:00 DEBUG 161371 --- [01-WebFlux] [main] o.s.b.f.s.DefaultListableBeanFactory     : Creating shared instance of singleton bean 'securityParser'
2026-04-13T09:26:33.661-05:00 DEBUG 161371 --- [01-WebFlux] [main] o.s.b.f.s.DefaultListableBeanFactory     : Creating shared instance of singleton bean 'propertyResolverUtils'
2026-04-13T09:26:33.661-05:00 DEBUG 161371 --- [01-WebFlux] [main] o.s.b.f.s.DefaultListableBeanFactory     : Autowiring by type from bean name 'propertyResolverUtils' via factory method to bean named 'org.springframework.beans.factory.support.DefaultListableBeanFactory@5bfa8cc5'
2026-04-13T09:26:33.661-05:00 DEBUG 161371 --- [01-WebFlux] [main] o.s.b.f.s.DefaultListableBeanFactory     : Autowiring by type from bean name 'propertyResolverUtils' via factory method to bean named 'messageSource'
2026-04-13T09:26:33.661-05:00 DEBUG 161371 --- [01-WebFlux] [main] o.s.b.f.s.DefaultListableBeanFactory     : Autowiring by type from bean name 'propertyResolverUtils' via factory method to bean named 'org.springdoc.core.properties.SpringDocConfigProperties'
2026-04-13T09:26:33.662-05:00 DEBUG 161371 --- [01-WebFlux] [main] o.s.b.f.s.DefaultListableBeanFactory     : Autowiring by type from bean name 'securityParser' via factory method to bean named 'propertyResolverUtils'
2026-04-13T09:26:33.665-05:00 DEBUG 161371 --- [01-WebFlux] [main] o.s.b.f.s.DefaultListableBeanFactory     : Autowiring by type from bean name 'openAPIBuilder' via factory method to bean named 'securityParser'
2026-04-13T09:26:33.666-05:00 DEBUG 161371 --- [01-WebFlux] [main] o.s.b.f.s.DefaultListableBeanFactory     : Autowiring by type from bean name 'openAPIBuilder' via factory method to bean named 'org.springdoc.core.properties.SpringDocConfigProperties'
2026-04-13T09:26:33.666-05:00 DEBUG 161371 --- [01-WebFlux] [main] o.s.b.f.s.DefaultListableBeanFactory     : Autowiring by type from bean name 'openAPIBuilder' via factory method to bean named 'propertyResolverUtils'
2026-04-13T09:26:33.670-05:00 DEBUG 161371 --- [01-WebFlux] [main] o.s.b.f.s.DefaultListableBeanFactory     : Creating shared instance of singleton bean 'modelConverterRegistrar'
2026-04-13T09:26:33.671-05:00 DEBUG 161371 --- [01-WebFlux] [main] o.s.b.f.s.DefaultListableBeanFactory     : Creating shared instance of singleton bean 'pageableOpenAPIConverter'
2026-04-13T09:26:33.671-05:00 DEBUG 161371 --- [01-WebFlux] [main] o.s.b.f.s.DefaultListableBeanFactory     : Creating shared instance of singleton bean 'org.springdoc.core.configuration.SpringDocPageableConfiguration'
2026-04-13T09:26:33.672-05:00 DEBUG 161371 --- [01-WebFlux] [main] o.s.b.f.s.DefaultListableBeanFactory     : Autowiring by type from bean name 'pageableOpenAPIConverter' via factory method to bean named 'springdocObjectMapperProvider'
2026-04-13T09:26:33.674-05:00 DEBUG 161371 --- [01-WebFlux] [main] o.s.b.f.s.DefaultListableBeanFactory     : Creating shared instance of singleton bean 'sortOpenAPIConverter'
2026-04-13T09:26:33.674-05:00 DEBUG 161371 --- [01-WebFlux] [main] o.s.b.f.s.DefaultListableBeanFactory     : Creating shared instance of singleton bean 'org.springdoc.core.configuration.SpringDocSortConfiguration'
2026-04-13T09:26:33.675-05:00 DEBUG 161371 --- [01-WebFlux] [main] o.s.b.f.s.DefaultListableBeanFactory     : Autowiring by type from bean name 'sortOpenAPIConverter' via factory method to bean named 'springdocObjectMapperProvider'
2026-04-13T09:26:33.676-05:00 DEBUG 161371 --- [01-WebFlux] [main] o.s.b.f.s.DefaultListableBeanFactory     : Autowiring by type from bean name 'modelConverterRegistrar' via factory method to bean named 'org.springdoc.core.properties.SpringDocConfigProperties'
2026-04-13T09:26:33.684-05:00 DEBUG 161371 --- [01-WebFlux] [main] o.s.b.f.s.DefaultListableBeanFactory     : Creating shared instance of singleton bean 'operationBuilder'
2026-04-13T09:26:33.684-05:00 DEBUG 161371 --- [01-WebFlux] [main] o.s.b.f.s.DefaultListableBeanFactory     : Creating shared instance of singleton bean 'parameterBuilder'
2026-04-13T09:26:33.685-05:00 DEBUG 161371 --- [01-WebFlux] [main] o.s.b.f.s.DefaultListableBeanFactory     : Creating shared instance of singleton bean 'delegatingMethodParameterCustomizer'
2026-04-13T09:26:33.687-05:00 DEBUG 161371 --- [01-WebFlux] [main] o.s.b.f.s.DefaultListableBeanFactory     : Autowiring by type from bean name 'parameterBuilder' via factory method to bean named 'propertyResolverUtils'
2026-04-13T09:26:33.687-05:00 DEBUG 161371 --- [01-WebFlux] [main] o.s.b.f.s.DefaultListableBeanFactory     : Autowiring by type from bean name 'parameterBuilder' via factory method to bean named 'springdocObjectMapperProvider'
2026-04-13T09:26:33.691-05:00 DEBUG 161371 --- [01-WebFlux] [main] o.s.b.f.s.DefaultListableBeanFactory     : Creating shared instance of singleton bean 'requestBodyBuilder'
2026-04-13T09:26:33.691-05:00 DEBUG 161371 --- [01-WebFlux] [main] o.s.b.f.s.DefaultListableBeanFactory     : Autowiring by type from bean name 'requestBodyBuilder' via factory method to bean named 'parameterBuilder'
2026-04-13T09:26:33.691-05:00 DEBUG 161371 --- [01-WebFlux] [main] o.s.b.f.s.DefaultListableBeanFactory     : Autowiring by type from bean name 'requestBodyBuilder' via factory method to bean named 'propertyResolverUtils'
2026-04-13T09:26:33.692-05:00 DEBUG 161371 --- [01-WebFlux] [main] o.s.b.f.s.DefaultListableBeanFactory     : Autowiring by type from bean name 'operationBuilder' via factory method to bean named 'parameterBuilder'
2026-04-13T09:26:33.692-05:00 DEBUG 161371 --- [01-WebFlux] [main] o.s.b.f.s.DefaultListableBeanFactory     : Autowiring by type from bean name 'operationBuilder' via factory method to bean named 'requestBodyBuilder'
2026-04-13T09:26:33.692-05:00 DEBUG 161371 --- [01-WebFlux] [main] o.s.b.f.s.DefaultListableBeanFactory     : Autowiring by type from bean name 'operationBuilder' via factory method to bean named 'securityParser'
2026-04-13T09:26:33.692-05:00 DEBUG 161371 --- [01-WebFlux] [main] o.s.b.f.s.DefaultListableBeanFactory     : Autowiring by type from bean name 'operationBuilder' via factory method to bean named 'propertyResolverUtils'
2026-04-13T09:26:33.694-05:00 DEBUG 161371 --- [01-WebFlux] [main] o.s.b.f.s.DefaultListableBeanFactory     : Creating shared instance of singleton bean 'genericReturnTypeParser'
2026-04-13T09:26:33.695-05:00 DEBUG 161371 --- [01-WebFlux] [main] o.s.b.f.s.DefaultListableBeanFactory     : Creating shared instance of singleton bean 'springDocProviders'
2026-04-13T09:26:33.697-05:00 DEBUG 161371 --- [01-WebFlux] [main] o.s.b.f.s.DefaultListableBeanFactory     : Autowiring by type from bean name 'springDocProviders' via factory method to bean named 'springdocObjectMapperProvider'
2026-04-13T09:26:33.699-05:00 DEBUG 161371 --- [01-WebFlux] [main] o.s.b.f.s.DefaultListableBeanFactory     : Creating shared instance of singleton bean 'springDocCustomizers'
2026-04-13T09:26:33.704-05:00 DEBUG 161371 --- [01-WebFlux] [main] o.s.b.f.s.DefaultListableBeanFactory     : Creating shared instance of singleton bean 'org.springdoc.core.configuration.SpringDocKotlinConfiguration'
2026-04-13T09:26:33.707-05:00 DEBUG 161371 --- [01-WebFlux] [main] o.s.b.f.s.DefaultListableBeanFactory     : Creating shared instance of singleton bean 'kotlinCoroutinesReturnTypeParser'
2026-04-13T09:26:33.708-05:00 DEBUG 161371 --- [01-WebFlux] [main] o.s.b.f.s.DefaultListableBeanFactory     : Creating shared instance of singleton bean 'nullableKotlinRequestParameterCustomizer'
2026-04-13T09:26:33.709-05:00 DEBUG 161371 --- [01-WebFlux] [main] o.s.b.f.s.DefaultListableBeanFactory     : Creating shared instance of singleton bean 'org.springdoc.core.configuration.SpringDocSecurityConfiguration'
2026-04-13T09:26:33.713-05:00 DEBUG 161371 --- [01-WebFlux] [main] o.s.b.f.s.DefaultListableBeanFactory     : Creating shared instance of singleton bean 'org.springdoc.core.configuration.SpringDocUIConfiguration'
2026-04-13T09:26:33.715-05:00 DEBUG 161371 --- [01-WebFlux] [main] o.s.b.f.s.DefaultListableBeanFactory     : Creating shared instance of singleton bean 'openApiResource'
2026-04-13T09:26:33.716-05:00 DEBUG 161371 --- [01-WebFlux] [main] o.s.b.f.s.DefaultListableBeanFactory     : Creating shared instance of singleton bean 'requestBuilder'
2026-04-13T09:26:33.717-05:00 DEBUG 161371 --- [01-WebFlux] [main] o.s.b.f.s.DefaultListableBeanFactory     : Autowiring by type from bean name 'requestBuilder' via factory method to bean named 'parameterBuilder'
2026-04-13T09:26:33.717-05:00 DEBUG 161371 --- [01-WebFlux] [main] o.s.b.f.s.DefaultListableBeanFactory     : Autowiring by type from bean name 'requestBuilder' via factory method to bean named 'requestBodyBuilder'
2026-04-13T09:26:33.717-05:00 DEBUG 161371 --- [01-WebFlux] [main] o.s.b.f.s.DefaultListableBeanFactory     : Autowiring by type from bean name 'requestBuilder' via factory method to bean named 'operationBuilder'
2026-04-13T09:26:33.717-05:00 DEBUG 161371 --- [01-WebFlux] [main] o.s.b.f.s.DefaultListableBeanFactory     : Autowiring by type from bean name 'requestBuilder' via factory method to bean named 'localSpringDocParameterNameDiscoverer'
2026-04-13T09:26:33.720-05:00 DEBUG 161371 --- [01-WebFlux] [main] o.s.b.f.s.DefaultListableBeanFactory     : Creating shared instance of singleton bean 'responseBuilder'
2026-04-13T09:26:33.721-05:00 DEBUG 161371 --- [01-WebFlux] [main] o.s.b.f.s.DefaultListableBeanFactory     : Autowiring by type from bean name 'responseBuilder' via factory method to bean named 'operationBuilder'
2026-04-13T09:26:33.721-05:00 DEBUG 161371 --- [01-WebFlux] [main] o.s.b.f.s.DefaultListableBeanFactory     : Autowiring by type from bean name 'responseBuilder' via factory method to bean named 'genericReturnTypeParser'
2026-04-13T09:26:33.721-05:00 DEBUG 161371 --- [01-WebFlux] [main] o.s.b.f.s.DefaultListableBeanFactory     : Autowiring by type from bean name 'responseBuilder' via factory method to bean named 'kotlinCoroutinesReturnTypeParser'
2026-04-13T09:26:33.721-05:00 DEBUG 161371 --- [01-WebFlux] [main] o.s.b.f.s.DefaultListableBeanFactory     : Autowiring by type from bean name 'responseBuilder' via factory method to bean named 'org.springdoc.core.properties.SpringDocConfigProperties'
2026-04-13T09:26:33.721-05:00 DEBUG 161371 --- [01-WebFlux] [main] o.s.b.f.s.DefaultListableBeanFactory     : Autowiring by type from bean name 'responseBuilder' via factory method to bean named 'propertyResolverUtils'
2026-04-13T09:26:33.723-05:00 DEBUG 161371 --- [01-WebFlux] [main] o.s.b.f.s.DefaultListableBeanFactory     : Autowiring by type from bean name 'openApiResource' via factory method to bean named 'requestBuilder'
2026-04-13T09:26:33.723-05:00 DEBUG 161371 --- [01-WebFlux] [main] o.s.b.f.s.DefaultListableBeanFactory     : Autowiring by type from bean name 'openApiResource' via factory method to bean named 'responseBuilder'
2026-04-13T09:26:33.724-05:00 DEBUG 161371 --- [01-WebFlux] [main] o.s.b.f.s.DefaultListableBeanFactory     : Autowiring by type from bean name 'openApiResource' via factory method to bean named 'operationBuilder'
2026-04-13T09:26:33.724-05:00 DEBUG 161371 --- [01-WebFlux] [main] o.s.b.f.s.DefaultListableBeanFactory     : Autowiring by type from bean name 'openApiResource' via factory method to bean named 'org.springdoc.core.properties.SpringDocConfigProperties'
2026-04-13T09:26:33.724-05:00 DEBUG 161371 --- [01-WebFlux] [main] o.s.b.f.s.DefaultListableBeanFactory     : Autowiring by type from bean name 'openApiResource' via factory method to bean named 'springDocProviders'
2026-04-13T09:26:33.724-05:00 DEBUG 161371 --- [01-WebFlux] [main] o.s.b.f.s.DefaultListableBeanFactory     : Autowiring by type from bean name 'openApiResource' via factory method to bean named 'springDocCustomizers'
2026-04-13T09:26:33.730-05:00 DEBUG 161371 --- [01-WebFlux] [main] o.s.b.f.s.DefaultListableBeanFactory     : Creating shared instance of singleton bean 'swaggerConfigResource'
2026-04-13T09:26:33.731-05:00 DEBUG 161371 --- [01-WebFlux] [main] o.s.b.f.s.DefaultListableBeanFactory     : Autowiring by type from bean name 'swaggerConfigResource' via factory method to bean named 'swaggerWelcome'
2026-04-13T09:26:33.731-05:00 DEBUG 161371 --- [01-WebFlux] [main] o.s.b.f.s.DefaultListableBeanFactory     : Creating shared instance of singleton bean 'org.springframework.boot.autoconfigure.aop.AopAutoConfiguration$ClassProxyingConfiguration'
2026-04-13T09:26:33.732-05:00 DEBUG 161371 --- [01-WebFlux] [main] o.s.b.f.s.DefaultListableBeanFactory     : Creating shared instance of singleton bean 'org.springframework.boot.autoconfigure.aop.AopAutoConfiguration'
2026-04-13T09:26:33.733-05:00 DEBUG 161371 --- [01-WebFlux] [main] o.s.b.f.s.DefaultListableBeanFactory     : Creating shared instance of singleton bean 'org.springframework.boot.autoconfigure.availability.ApplicationAvailabilityAutoConfiguration'
2026-04-13T09:26:33.733-05:00 DEBUG 161371 --- [01-WebFlux] [main] o.s.b.f.s.DefaultListableBeanFactory     : Creating shared instance of singleton bean 'applicationAvailability'
2026-04-13T09:26:33.735-05:00 DEBUG 161371 --- [01-WebFlux] [main] o.s.b.f.s.DefaultListableBeanFactory     : Creating shared instance of singleton bean 'org.springframework.boot.autoconfigure.r2dbc.ConnectionFactoryConfigurations$PoolConfiguration'
2026-04-13T09:26:33.735-05:00 DEBUG 161371 --- [01-WebFlux] [main] o.s.b.f.s.DefaultListableBeanFactory     : Creating shared instance of singleton bean 'org.springframework.boot.autoconfigure.transaction.TransactionManagerCustomizationAutoConfiguration'
2026-04-13T09:26:33.735-05:00 DEBUG 161371 --- [01-WebFlux] [main] o.s.b.f.s.DefaultListableBeanFactory     : Creating shared instance of singleton bean 'platformTransactionManagerCustomizers'
2026-04-13T09:26:33.736-05:00 DEBUG 161371 --- [01-WebFlux] [main] o.s.b.f.s.DefaultListableBeanFactory     : Creating shared instance of singleton bean 'transactionExecutionListeners'
2026-04-13T09:26:33.737-05:00 DEBUG 161371 --- [01-WebFlux] [main] o.s.b.f.s.DefaultListableBeanFactory     : Creating shared instance of singleton bean 'spring.transaction-org.springframework.boot.autoconfigure.transaction.TransactionProperties'
2026-04-13T09:26:33.740-05:00 DEBUG 161371 --- [01-WebFlux] [main] o.s.b.f.s.DefaultListableBeanFactory     : Creating shared instance of singleton bean 'org.springframework.boot.autoconfigure.context.ConfigurationPropertiesAutoConfiguration'
2026-04-13T09:26:33.741-05:00 DEBUG 161371 --- [01-WebFlux] [main] o.s.b.f.s.DefaultListableBeanFactory     : Creating shared instance of singleton bean 'org.springframework.boot.autoconfigure.context.LifecycleAutoConfiguration'
2026-04-13T09:26:33.741-05:00 DEBUG 161371 --- [01-WebFlux] [main] o.s.b.f.s.DefaultListableBeanFactory     : Creating shared instance of singleton bean 'lifecycleProcessor'
2026-04-13T09:26:33.741-05:00 DEBUG 161371 --- [01-WebFlux] [main] o.s.b.f.s.DefaultListableBeanFactory     : Creating shared instance of singleton bean 'spring.lifecycle-org.springframework.boot.autoconfigure.context.LifecycleProperties'
2026-04-13T09:26:33.742-05:00 DEBUG 161371 --- [01-WebFlux] [main] o.s.b.f.s.DefaultListableBeanFactory     : Autowiring by type from bean name 'lifecycleProcessor' via factory method to bean named 'spring.lifecycle-org.springframework.boot.autoconfigure.context.LifecycleProperties'
2026-04-13T09:26:33.744-05:00 DEBUG 161371 --- [01-WebFlux] [main] o.s.b.f.s.DefaultListableBeanFactory     : Creating shared instance of singleton bean 'org.springframework.boot.autoconfigure.dao.PersistenceExceptionTranslationAutoConfiguration'
2026-04-13T09:26:33.745-05:00 DEBUG 161371 --- [01-WebFlux] [main] o.s.b.f.s.DefaultListableBeanFactory     : Creating shared instance of singleton bean 'org.springframework.boot.autoconfigure.data.r2dbc.R2dbcRepositoriesAutoConfiguration'
2026-04-13T09:26:33.746-05:00 DEBUG 161371 --- [01-WebFlux] [main] o.s.b.f.s.DefaultListableBeanFactory     : Creating shared instance of singleton bean 'r2dbc.named-queries#6'
2026-04-13T09:26:33.747-05:00 DEBUG 161371 --- [01-WebFlux] [main] o.s.b.f.s.DefaultListableBeanFactory     : Creating shared instance of singleton bean 'r2dbc.R2dbcPostgresAssetsMediaRepository.fragments#0'
2026-04-13T09:26:33.748-05:00 DEBUG 161371 --- [01-WebFlux] [main] o.s.b.f.s.DefaultListableBeanFactory     : Creating shared instance of singleton bean 'r2dbcPostgresAssetsMediaRepository'
2026-04-13T09:26:33.751-05:00 DEBUG 161371 --- [01-WebFlux] [main] o.s.d.r.c.s.RepositoryFactorySupport     : Initializing repository instance for com.example.webflux.infrastructure.AssetsMedia.repository.postgres.R2dbcPostgresAssetsMediaRepository…
2026-04-13T09:26:33.753-05:00 DEBUG 161371 --- [01-WebFlux] [main] o.s.d.r.c.s.RepositoryFactorySupport     : Finished creation of repository instance for com.example.webflux.infrastructure.AssetsMedia.repository.postgres.R2dbcPostgresAssetsMediaRepository.
2026-04-13T09:26:33.755-05:00 DEBUG 161371 --- [01-WebFlux] [main] o.s.b.f.s.DefaultListableBeanFactory     : Creating shared instance of singleton bean 'data-r2dbc.repository-aot-processor#0'
2026-04-13T09:26:33.757-05:00 DEBUG 161371 --- [01-WebFlux] [main] o.s.b.f.s.DefaultListableBeanFactory     : Creating shared instance of singleton bean 'org.springframework.boot.autoconfigure.flyway.FlywayAutoConfiguration$FlywayConfiguration$PostgresqlConfiguration'
2026-04-13T09:26:33.757-05:00 DEBUG 161371 --- [01-WebFlux] [main] o.s.b.f.s.DefaultListableBeanFactory     : Creating shared instance of singleton bean 'postgresqlFlywayConfigurationCustomizer'
2026-04-13T09:26:33.758-05:00 DEBUG 161371 --- [01-WebFlux] [main] o.s.b.f.s.DefaultListableBeanFactory     : Creating shared instance of singleton bean 'spring.flyway-org.springframework.boot.autoconfigure.flyway.FlywayProperties'
2026-04-13T09:26:33.763-05:00 DEBUG 161371 --- [01-WebFlux] [main] o.s.b.f.s.DefaultListableBeanFactory     : Autowiring by type from bean name 'postgresqlFlywayConfigurationCustomizer' via factory method to bean named 'spring.flyway-org.springframework.boot.autoconfigure.flyway.FlywayProperties'
2026-04-13T09:26:33.764-05:00 DEBUG 161371 --- [01-WebFlux] [main] o.s.b.f.s.DefaultListableBeanFactory     : Creating shared instance of singleton bean 'org.springframework.boot.autoconfigure.flyway.FlywayAutoConfiguration$FlywayConfiguration'
2026-04-13T09:26:33.764-05:00 DEBUG 161371 --- [01-WebFlux] [main] o.s.b.f.s.DefaultListableBeanFactory     : Autowiring by type from bean name 'org.springframework.boot.autoconfigure.flyway.FlywayAutoConfiguration$FlywayConfiguration' via constructor to bean named 'spring.flyway-org.springframework.boot.autoconfigure.flyway.FlywayProperties'
2026-04-13T09:26:33.766-05:00 DEBUG 161371 --- [01-WebFlux] [main] o.s.b.f.s.DefaultListableBeanFactory     : Creating shared instance of singleton bean 'resourceProviderCustomizer'
2026-04-13T09:26:33.766-05:00 DEBUG 161371 --- [01-WebFlux] [main] o.s.b.f.s.DefaultListableBeanFactory     : Creating shared instance of singleton bean 'flywayConnectionDetails'
2026-04-13T09:26:33.767-05:00 DEBUG 161371 --- [01-WebFlux] [main] o.s.b.f.s.DefaultListableBeanFactory     : Creating shared instance of singleton bean 'flyway'
2026-04-13T09:26:33.769-05:00 DEBUG 161371 --- [01-WebFlux] [main] o.s.b.f.s.DefaultListableBeanFactory     : Autowiring by type from bean name 'flyway' via factory method to bean named 'flywayConnectionDetails'
2026-04-13T09:26:33.769-05:00 DEBUG 161371 --- [01-WebFlux] [main] o.s.b.f.s.DefaultListableBeanFactory     : Autowiring by type from bean name 'flyway' via factory method to bean named 'org.springframework.boot.web.reactive.context.AnnotationConfigReactiveWebServerApplicationContext@4758820d'
2026-04-13T09:26:33.769-05:00 DEBUG 161371 --- [01-WebFlux] [main] o.s.b.f.s.DefaultListableBeanFactory     : Autowiring by type from bean name 'flyway' via factory method to bean named 'resourceProviderCustomizer'
2026-04-13T09:26:33.858-05:00 DEBUG 161371 --- [01-WebFlux] [main] o.s.b.f.s.DefaultListableBeanFactory     : Creating shared instance of singleton bean 'r2dbcScriptDatabaseInitializer'
2026-04-13T09:26:33.858-05:00 DEBUG 161371 --- [01-WebFlux] [main] o.s.b.f.s.DefaultListableBeanFactory     : Creating shared instance of singleton bean 'org.springframework.boot.autoconfigure.sql.init.R2dbcInitializationConfiguration'
2026-04-13T09:26:33.859-05:00 DEBUG 161371 --- [01-WebFlux] [main] o.s.b.f.s.DefaultListableBeanFactory     : Creating shared instance of singleton bean 'spring.sql.init-org.springframework.boot.autoconfigure.sql.init.SqlInitializationProperties'
2026-04-13T09:26:33.860-05:00 DEBUG 161371 --- [01-WebFlux] [main] o.s.b.f.s.DefaultListableBeanFactory     : Autowiring by type from bean name 'r2dbcScriptDatabaseInitializer' via factory method to bean named 'connectionFactory'
2026-04-13T09:26:33.860-05:00 DEBUG 161371 --- [01-WebFlux] [main] o.s.b.f.s.DefaultListableBeanFactory     : Autowiring by type from bean name 'r2dbcScriptDatabaseInitializer' via factory method to bean named 'spring.sql.init-org.springframework.boot.autoconfigure.sql.init.SqlInitializationProperties'
2026-04-13T09:26:33.862-05:00 DEBUG 161371 --- [01-WebFlux] [main] o.s.b.f.s.DefaultListableBeanFactory     : Creating shared instance of singleton bean 'flywayInitializer'
2026-04-13T09:26:33.862-05:00 DEBUG 161371 --- [01-WebFlux] [main] o.s.b.f.s.DefaultListableBeanFactory     : Autowiring by type from bean name 'flywayInitializer' via factory method to bean named 'flyway'
2026-04-13T09:26:33.864-05:00 DEBUG 161371 --- [01-WebFlux] [main] o.s.j.datasource.SimpleDriverDataSource  : Creating new JDBC Driver Connection to [jdbc:postgresql://postgres:5432/marketplace]
2026-04-13T09:26:33.867-05:00 DEBUG 161371 --- [01-WebFlux] [main] org.postgresql.Driver                    : Loading driver configuration via classloader jdk.internal.loader.ClassLoaders$AppClassLoader@639fee48
2026-04-13T09:26:33.869-05:00 DEBUG 161371 --- [01-WebFlux] [main] org.postgresql.Driver                    : Connecting with URL: jdbc:postgresql://postgres:5432/marketplace
2026-04-13T09:26:33.885-05:00 DEBUG 161371 --- [01-WebFlux] [main] org.postgresql.jdbc.PgConnection         : PostgreSQL JDBC Driver 42.7.8
2026-04-13T09:26:33.885-05:00 DEBUG 161371 --- [01-WebFlux] [main] org.postgresql.jdbc.PgConnection         :   setDefaultFetchSize = 0
2026-04-13T09:26:33.885-05:00 DEBUG 161371 --- [01-WebFlux] [main] org.postgresql.jdbc.PgConnection         :   setPrepareThreshold = 5
2026-04-13T09:26:33.891-05:00 DEBUG 161371 --- [01-WebFlux] [main] o.p.core.v3.ConnectionFactoryImpl        : Trying to establish a protocol version 3 connection to postgres:5432
2026-04-13T09:26:34.043-05:00 DEBUG 161371 --- [01-WebFlux] [main] org.postgresql.Driver                    : Connection error: 

org.postgresql.util.PSQLException: The connection attempt failed.
	at org.postgresql.core.v3.ConnectionFactoryImpl.openConnectionImpl(ConnectionFactoryImpl.java:385) ~[postgresql-42.7.8.jar:42.7.8]
	at org.postgresql.core.ConnectionFactory.openConnection(ConnectionFactory.java:57) ~[postgresql-42.7.8.jar:42.7.8]
	at org.postgresql.jdbc.PgConnection.<init>(PgConnection.java:279) ~[postgresql-42.7.8.jar:42.7.8]
	at org.postgresql.Driver.makeConnection(Driver.java:448) ~[postgresql-42.7.8.jar:42.7.8]
	at org.postgresql.Driver.connect(Driver.java:298) ~[postgresql-42.7.8.jar:42.7.8]
	at org.springframework.jdbc.datasource.SimpleDriverDataSource.getConnectionFromDriver(SimpleDriverDataSource.java:144) ~[spring-jdbc-6.2.12.jar:6.2.12]
	at org.springframework.jdbc.datasource.AbstractDriverBasedDataSource.getConnectionFromDriver(AbstractDriverBasedDataSource.java:205) ~[spring-jdbc-6.2.12.jar:6.2.12]
	at org.springframework.jdbc.datasource.AbstractDriverBasedDataSource.getConnection(AbstractDriverBasedDataSource.java:169) ~[spring-jdbc-6.2.12.jar:6.2.12]
	at org.flywaydb.core.internal.jdbc.JdbcUtils.openConnection(JdbcUtils.java:65) ~[flyway-core-11.19.0.jar:na]
	at org.flywaydb.core.internal.jdbc.JdbcConnectionFactory.<init>(JdbcConnectionFactory.java:76) ~[flyway-core-11.19.0.jar:na]
	at org.flywaydb.core.FlywayExecutor.init(FlywayExecutor.java:273) ~[flyway-core-11.19.0.jar:na]
	at org.flywaydb.core.FlywayExecutor.execute(FlywayExecutor.java:118) ~[flyway-core-11.19.0.jar:na]
	at org.flywaydb.core.Flyway.migrate(Flyway.java:187) ~[flyway-core-11.19.0.jar:na]
	at org.springframework.boot.autoconfigure.flyway.FlywayMigrationInitializer.afterPropertiesSet(FlywayMigrationInitializer.java:66) ~[spring-boot-autoconfigure-3.5.7.jar:3.5.7]
	at org.springframework.beans.factory.support.AbstractAutowireCapableBeanFactory.invokeInitMethods(AbstractAutowireCapableBeanFactory.java:1873) ~[spring-beans-6.2.12.jar:6.2.12]
	at org.springframework.beans.factory.support.AbstractAutowireCapableBeanFactory.initializeBean(AbstractAutowireCapableBeanFactory.java:1822) ~[spring-beans-6.2.12.jar:6.2.12]
	at org.springframework.beans.factory.support.AbstractAutowireCapableBeanFactory.doCreateBean(AbstractAutowireCapableBeanFactory.java:607) ~[spring-beans-6.2.12.jar:6.2.12]
	at org.springframework.beans.factory.support.AbstractAutowireCapableBeanFactory.createBean(AbstractAutowireCapableBeanFactory.java:529) ~[spring-beans-6.2.12.jar:6.2.12]
	at org.springframework.beans.factory.support.AbstractBeanFactory.lambda$doGetBean$0(AbstractBeanFactory.java:339) ~[spring-beans-6.2.12.jar:6.2.12]
	at org.springframework.beans.factory.support.DefaultSingletonBeanRegistry.getSingleton(DefaultSingletonBeanRegistry.java:373) ~[spring-beans-6.2.12.jar:6.2.12]
	at org.springframework.beans.factory.support.AbstractBeanFactory.doGetBean(AbstractBeanFactory.java:337) ~[spring-beans-6.2.12.jar:6.2.12]
	at org.springframework.beans.factory.support.AbstractBeanFactory.getBean(AbstractBeanFactory.java:202) ~[spring-beans-6.2.12.jar:6.2.12]
	at org.springframework.beans.factory.support.DefaultListableBeanFactory.instantiateSingleton(DefaultListableBeanFactory.java:1228) ~[spring-beans-6.2.12.jar:6.2.12]
	at org.springframework.beans.factory.support.DefaultListableBeanFactory.preInstantiateSingleton(DefaultListableBeanFactory.java:1194) ~[spring-beans-6.2.12.jar:6.2.12]
	at org.springframework.beans.factory.support.DefaultListableBeanFactory.preInstantiateSingletons(DefaultListableBeanFactory.java:1130) ~[spring-beans-6.2.12.jar:6.2.12]
	at org.springframework.context.support.AbstractApplicationContext.finishBeanFactoryInitialization(AbstractApplicationContext.java:990) ~[spring-context-6.2.12.jar:6.2.12]
	at org.springframework.context.support.AbstractApplicationContext.refresh(AbstractApplicationContext.java:627) ~[spring-context-6.2.12.jar:6.2.12]
	at org.springframework.boot.web.reactive.context.ReactiveWebServerApplicationContext.refresh(ReactiveWebServerApplicationContext.java:66) ~[spring-boot-3.5.7.jar:3.5.7]
	at org.springframework.boot.SpringApplication.refresh(SpringApplication.java:752) ~[spring-boot-3.5.7.jar:3.5.7]
	at org.springframework.boot.SpringApplication.refreshContext(SpringApplication.java:439) ~[spring-boot-3.5.7.jar:3.5.7]
	at org.springframework.boot.SpringApplication.run(SpringApplication.java:318) ~[spring-boot-3.5.7.jar:3.5.7]
	at org.springframework.boot.SpringApplication.run(SpringApplication.java:1361) ~[spring-boot-3.5.7.jar:3.5.7]
	at org.springframework.boot.SpringApplication.run(SpringApplication.java:1350) ~[spring-boot-3.5.7.jar:3.5.7]
	at com.example.webflux.Application.main(Application.java:10) ~[classes/:na]
Caused by: java.net.UnknownHostException: postgres
	at java.base/sun.nio.ch.NioSocketImpl.connect(NioSocketImpl.java:567) ~[na:na]
	at java.base/java.net.SocksSocketImpl.connect(SocksSocketImpl.java:327) ~[na:na]
	at java.base/java.net.Socket.connect(Socket.java:751) ~[na:na]
	at org.postgresql.core.PGStream.createSocket(PGStream.java:261) ~[postgresql-42.7.8.jar:42.7.8]
	at org.postgresql.core.PGStream.<init>(PGStream.java:122) ~[postgresql-42.7.8.jar:42.7.8]
	at org.postgresql.core.v3.ConnectionFactoryImpl.tryConnect(ConnectionFactoryImpl.java:146) ~[postgresql-42.7.8.jar:42.7.8]
	at org.postgresql.core.v3.ConnectionFactoryImpl.openConnectionImpl(ConnectionFactoryImpl.java:289) ~[postgresql-42.7.8.jar:42.7.8]
	... 33 common frames omitted

2026-04-13T09:26:34.047-05:00  WARN 161371 --- [01-WebFlux] [main] onfigReactiveWebServerApplicationContext : Exception encountered during context initialization - cancelling refresh attempt: org.springframework.beans.factory.BeanCreationException: Error creating bean with name 'flywayInitializer' defined in class path resource [org/springframework/boot/autoconfigure/flyway/FlywayAutoConfiguration$FlywayConfiguration.class]: Unable to obtain connection from database: The connection attempt failed.
-------------------------------------------------------------------------
SQL State  : 08001
Error Code : 0
Message    : The connection attempt failed.

2026-04-13T09:26:34.054-05:00 DEBUG 161371 --- [01-WebFlux] [main] o.s.b.f.support.DisposableBeanAdapter    : Custom destroy method 'dispose' on bean with name 'connectionFactory' completed
2026-04-13T09:26:34.054-05:00 DEBUG 161371 --- [01-WebFlux] [main] o.s.s.concurrent.ThreadPoolTaskExecutor  : Shutting down ExecutorService 'applicationTaskExecutor'
2026-04-13T09:26:34.064-05:00 DEBUG 161371 --- [01-WebFlux] [main] .s.b.a.l.ConditionEvaluationReportLogger : 


============================
CONDITIONS EVALUATION REPORT
============================


Positive matches:
-----------------

   AopAutoConfiguration matched:
      - @ConditionalOnBooleanProperty (spring.aop.auto=true) matched (OnPropertyCondition)

   AopAutoConfiguration.ClassProxyingConfiguration matched:
      - @ConditionalOnMissingClass did not find unwanted class 'org.aspectj.weaver.Advice' (OnClassCondition)
      - @ConditionalOnBooleanProperty (spring.aop.proxy-target-class=true) matched (OnPropertyCondition)

   ApplicationAvailabilityAutoConfiguration#applicationAvailability matched:
      - @ConditionalOnMissingBean (types: org.springframework.boot.availability.ApplicationAvailability; SearchStrategy: all) did not find any beans (OnBeanCondition)

   org.springframework.boot.autoconfigure.http.client.reactive.ClientHttpConnectorAutoConfiguration matched:
      - @ConditionalOnClass found required classes 'org.springframework.http.client.reactive.ClientHttpConnector', 'reactor.core.publisher.Mono' (OnClassCondition)
      - Detected ClientHttpConnectorBuilder (ConditionalOnClientHttpConnectorBuilderDetection)

   org.springframework.boot.autoconfigure.web.reactive.function.client.ClientHttpConnectorAutoConfiguration matched:
      - @ConditionalOnClass found required class 'org.springframework.web.reactive.function.client.WebClient' (OnClassCondition)

   ClientHttpConnectorAutoConfiguration#clientHttpConnector matched:
      - @ConditionalOnMissingBean (types: org.springframework.http.client.reactive.ClientHttpConnector; SearchStrategy: all) did not find any beans (OnBeanCondition)

   ClientHttpConnectorAutoConfiguration#clientHttpConnectorBuilder matched:
      - @ConditionalOnMissingBean (types: org.springframework.boot.http.client.reactive.ClientHttpConnectorBuilder<?>; SearchStrategy: all) did not find any beans (OnBeanCondition)

   ClientHttpConnectorAutoConfiguration#clientHttpConnectorSettings matched:
      - @ConditionalOnMissingBean (types: org.springframework.boot.http.client.reactive.ClientHttpConnectorSettings; SearchStrategy: all) did not find any beans (OnBeanCondition)

   org.springframework.boot.autoconfigure.http.client.reactive.ClientHttpConnectorAutoConfiguration$ReactorNetty matched:
      - @ConditionalOnClass found required class 'reactor.netty.http.client.HttpClient' (OnClassCondition)

   org.springframework.boot.autoconfigure.web.reactive.function.client.ClientHttpConnectorAutoConfiguration$ReactorNetty matched:
      - @ConditionalOnClass found required class 'reactor.netty.http.client.HttpClient' (OnClassCondition)

   CodecsAutoConfiguration matched:
      - @ConditionalOnClass found required classes 'org.springframework.http.codec.CodecConfigurer', 'org.springframework.web.reactive.function.client.WebClient' (OnClassCondition)

   CodecsAutoConfiguration.JacksonCodecConfiguration matched:
      - @ConditionalOnClass found required class 'com.fasterxml.jackson.databind.ObjectMapper' (OnClassCondition)

   CodecsAutoConfiguration.JacksonCodecConfiguration#jacksonCodecCustomizer matched:
      - @ConditionalOnBean (types: com.fasterxml.jackson.databind.ObjectMapper; SearchStrategy: all) found bean 'objectMapper' (OnBeanCondition)

   ConnectionFactoryConfigurations.PoolConfiguration matched:
      - Property-based pooling is enabled (ConnectionFactoryConfigurations.PooledConnectionFactoryCondition)
      - @ConditionalOnMissingBean (types: io.r2dbc.spi.ConnectionFactory; SearchStrategy: all) did not find any beans (OnBeanCondition)

   ConnectionFactoryConfigurations.PoolConfiguration.PooledConnectionFactoryConfiguration matched:
      - @ConditionalOnClass found required class 'io.r2dbc.pool.ConnectionPool' (OnClassCondition)

   ConnectionFactoryDependentConfiguration matched:
      - @ConditionalOnClass found required class 'org.springframework.r2dbc.core.DatabaseClient' (OnClassCondition)
      - @ConditionalOnSingleCandidate (types: io.r2dbc.spi.ConnectionFactory; SearchStrategy: all) found a single bean 'connectionFactory' (OnBeanCondition)

   ConnectionFactoryDependentConfiguration#r2dbcDatabaseClient matched:
      - @ConditionalOnMissingBean (types: org.springframework.r2dbc.core.DatabaseClient; SearchStrategy: all) did not find any beans (OnBeanCondition)

   DataSourceTransactionManagerAutoConfiguration matched:
      - @ConditionalOnClass found required classes 'javax.sql.DataSource', 'org.springframework.jdbc.core.JdbcTemplate', 'org.springframework.transaction.TransactionManager' (OnClassCondition)

   EmbeddedWebServerFactoryCustomizerAutoConfiguration matched:
      - @ConditionalOnWebApplication (required) found ConfigurableReactiveWebEnvironment (OnWebApplicationCondition)
      - @ConditionalOnWarDeployment the application is not deployed as a WAR file. (OnWarDeploymentCondition)

   EmbeddedWebServerFactoryCustomizerAutoConfiguration.NettyWebServerFactoryCustomizerConfiguration matched:
      - @ConditionalOnClass found required class 'reactor.netty.http.server.HttpServer' (OnClassCondition)

   ErrorWebFluxAutoConfiguration matched:
      - @ConditionalOnClass found required class 'org.springframework.web.reactive.config.WebFluxConfigurer' (OnClassCondition)
      - found ConfigurableReactiveWebEnvironment (OnWebApplicationCondition)

   ErrorWebFluxAutoConfiguration#errorAttributes matched:
      - @ConditionalOnMissingBean (types: org.springframework.boot.web.reactive.error.ErrorAttributes; SearchStrategy: current) did not find any beans (OnBeanCondition)

   ErrorWebFluxAutoConfiguration#errorWebExceptionHandler matched:
      - @ConditionalOnMissingBean (types: org.springframework.boot.web.reactive.error.ErrorWebExceptionHandler; SearchStrategy: current) did not find any beans (OnBeanCondition)

   FlywayAutoConfiguration matched:
      - @ConditionalOnClass found required class 'org.flywaydb.core.Flyway' (OnClassCondition)
      - @ConditionalOnBooleanProperty (spring.flyway.enabled=true) matched (OnPropertyCondition)
      - AnyNestedCondition 1 matched 2 did not; NestedCondition on FlywayAutoConfiguration.FlywayDataSourceCondition.FlywayUrlCondition @ConditionalOnProperty (spring.flyway.url) matched; NestedCondition on FlywayAutoConfiguration.FlywayDataSourceCondition.JdbcConnectionDetailsCondition @ConditionalOnBean (types: org.springframework.boot.autoconfigure.jdbc.JdbcConnectionDetails; SearchStrategy: all) did not find any beans of type org.springframework.boot.autoconfigure.jdbc.JdbcConnectionDetails; NestedCondition on FlywayAutoConfiguration.FlywayDataSourceCondition.DataSourceBeanCondition @ConditionalOnBean (types: javax.sql.DataSource; SearchStrategy: all) did not find any beans of type javax.sql.DataSource (FlywayAutoConfiguration.FlywayDataSourceCondition)

   FlywayAutoConfiguration.FlywayConfiguration matched:
      - @ConditionalOnClass found required class 'org.springframework.jdbc.support.JdbcUtils' (OnClassCondition)
      - @ConditionalOnMissingBean (types: org.flywaydb.core.Flyway; SearchStrategy: all) did not find any beans (OnBeanCondition)

   FlywayAutoConfiguration.FlywayConfiguration#flywayConnectionDetails matched:
      - @ConditionalOnMissingBean (types: org.springframework.boot.autoconfigure.flyway.FlywayConnectionDetails; SearchStrategy: all) did not find any beans (OnBeanCondition)

   FlywayAutoConfiguration.FlywayConfiguration#flywayInitializer matched:
      - @ConditionalOnMissingBean (types: org.springframework.boot.autoconfigure.flyway.FlywayMigrationInitializer; SearchStrategy: all) did not find any beans (OnBeanCondition)

   FlywayAutoConfiguration.FlywayConfiguration.PostgresqlConfiguration matched:
      - @ConditionalOnClass found required class 'org.flywaydb.database.postgresql.PostgreSQLConfigurationExtension' (OnClassCondition)

   GenericCacheConfiguration matched:
      - Cache org.springframework.boot.autoconfigure.cache.GenericCacheConfiguration automatic cache type (CacheCondition)

   HttpHandlerAutoConfiguration matched:
      - @ConditionalOnClass found required classes 'org.springframework.web.reactive.DispatcherHandler', 'org.springframework.http.server.reactive.HttpHandler' (OnClassCondition)
      - found ConfigurableReactiveWebEnvironment (OnWebApplicationCondition)
      - @ConditionalOnMissingBean (types: org.springframework.http.server.reactive.HttpHandler; SearchStrategy: all) did not find any beans (OnBeanCondition)

   JacksonAutoConfiguration matched:
      - @ConditionalOnClass found required class 'com.fasterxml.jackson.databind.ObjectMapper' (OnClassCondition)

   JacksonAutoConfiguration.Jackson2ObjectMapperBuilderCustomizerConfiguration matched:
      - @ConditionalOnClass found required class 'org.springframework.http.converter.json.Jackson2ObjectMapperBuilder' (OnClassCondition)

   JacksonAutoConfiguration.JacksonObjectMapperBuilderConfiguration matched:
      - @ConditionalOnClass found required class 'org.springframework.http.converter.json.Jackson2ObjectMapperBuilder' (OnClassCondition)

   JacksonAutoConfiguration.JacksonObjectMapperBuilderConfiguration#jacksonObjectMapperBuilder matched:
      - @ConditionalOnMissingBean (types: org.springframework.http.converter.json.Jackson2ObjectMapperBuilder; SearchStrategy: all) did not find any beans (OnBeanCondition)

   JacksonAutoConfiguration.JacksonObjectMapperConfiguration matched:
      - @ConditionalOnClass found required class 'org.springframework.http.converter.json.Jackson2ObjectMapperBuilder' (OnClassCondition)

   JacksonAutoConfiguration.ParameterNamesModuleConfiguration matched:
      - @ConditionalOnClass found required class 'com.fasterxml.jackson.module.paramnames.ParameterNamesModule' (OnClassCondition)

   JacksonAutoConfiguration.ParameterNamesModuleConfiguration#parameterNamesModule matched:
      - @ConditionalOnMissingBean (types: com.fasterxml.jackson.module.paramnames.ParameterNamesModule; SearchStrategy: all) did not find any beans (OnBeanCondition)

   LifecycleAutoConfiguration#defaultLifecycleProcessor matched:
      - @ConditionalOnMissingBean (names: lifecycleProcessor; SearchStrategy: current) did not find any beans (OnBeanCondition)

   NettyAutoConfiguration matched:
      - @ConditionalOnClass found required class 'io.netty.util.NettyRuntime' (OnClassCondition)

   NoOpCacheConfiguration matched:
      - Cache org.springframework.boot.autoconfigure.cache.NoOpCacheConfiguration automatic cache type (CacheCondition)

   PersistenceExceptionTranslationAutoConfiguration matched:
      - @ConditionalOnClass found required class 'org.springframework.dao.annotation.PersistenceExceptionTranslationPostProcessor' (OnClassCondition)

   PersistenceExceptionTranslationAutoConfiguration#persistenceExceptionTranslationPostProcessor matched:
      - @ConditionalOnBooleanProperty (spring.dao.exceptiontranslation.enabled=true) matched (OnPropertyCondition)
      - @ConditionalOnMissingBean (types: org.springframework.dao.annotation.PersistenceExceptionTranslationPostProcessor; SearchStrategy: all) did not find any beans (OnBeanCondition)

   PropertyPlaceholderAutoConfiguration#propertySourcesPlaceholderConfigurer matched:
      - @ConditionalOnMissingBean (types: org.springframework.context.support.PropertySourcesPlaceholderConfigurer; SearchStrategy: current) did not find any beans (OnBeanCondition)

   R2dbcAutoConfiguration matched:
      - @ConditionalOnClass found required class 'io.r2dbc.spi.ConnectionFactory' (OnClassCondition)
      - @ConditionalOnResource found location classpath:META-INF/services/io.r2dbc.spi.ConnectionFactoryProvider (OnResourceCondition)

   R2dbcAutoConfiguration#propertiesR2dbcConnectionDetails matched:
      - @ConditionalOnProperty (spring.r2dbc.url) matched (OnPropertyCondition)
      - @ConditionalOnMissingBean (types: org.springframework.boot.autoconfigure.r2dbc.R2dbcConnectionDetails; SearchStrategy: all) did not find any beans (OnBeanCondition)

   R2dbcDataAutoConfiguration matched:
      - @ConditionalOnClass found required classes 'org.springframework.r2dbc.core.DatabaseClient', 'org.springframework.data.r2dbc.core.R2dbcEntityTemplate' (OnClassCondition)
      - @ConditionalOnSingleCandidate (types: org.springframework.r2dbc.core.DatabaseClient; SearchStrategy: all) found a single bean 'r2dbcDatabaseClient' (OnBeanCondition)

   R2dbcDataAutoConfiguration#r2dbcConverter matched:
      - @ConditionalOnMissingBean (types: org.springframework.data.r2dbc.convert.MappingR2dbcConverter; SearchStrategy: all) did not find any beans (OnBeanCondition)

   R2dbcDataAutoConfiguration#r2dbcCustomConversions matched:
      - @ConditionalOnMissingBean (types: org.springframework.data.r2dbc.convert.R2dbcCustomConversions; SearchStrategy: all) did not find any beans (OnBeanCondition)

   R2dbcDataAutoConfiguration#r2dbcEntityTemplate matched:
      - @ConditionalOnMissingBean (types: org.springframework.data.r2dbc.core.R2dbcEntityTemplate; SearchStrategy: all) did not find any beans (OnBeanCondition)

   R2dbcDataAutoConfiguration#r2dbcManagedTypes matched:
      - @ConditionalOnMissingBean (types: org.springframework.data.relational.RelationalManagedTypes; SearchStrategy: all) did not find any beans (OnBeanCondition)

   R2dbcDataAutoConfiguration#r2dbcMappingContext matched:
      - @ConditionalOnMissingBean (types: org.springframework.data.r2dbc.mapping.R2dbcMappingContext; SearchStrategy: all) did not find any beans (OnBeanCondition)

   R2dbcInitializationConfiguration matched:
      - @ConditionalOnClass found required classes 'io.r2dbc.spi.ConnectionFactory', 'org.springframework.r2dbc.connection.init.DatabasePopulator' (OnClassCondition)
      - @ConditionalOnSingleCandidate (types: io.r2dbc.spi.ConnectionFactory; SearchStrategy: all) found a single bean 'connectionFactory'; @ConditionalOnMissingBean (types: org.springframework.boot.autoconfigure.sql.init.SqlR2dbcScriptDatabaseInitializer,org.springframework.boot.autoconfigure.sql.init.SqlDataSourceScriptDatabaseInitializer; SearchStrategy: all) did not find any beans (OnBeanCondition)

   R2dbcRepositoriesAutoConfiguration matched:
      - @ConditionalOnClass found required classes 'io.r2dbc.spi.ConnectionFactory', 'org.springframework.data.r2dbc.repository.R2dbcRepository' (OnClassCondition)
      - @ConditionalOnBooleanProperty (spring.data.r2dbc.repositories.enabled=true) matched (OnPropertyCondition)
      - @ConditionalOnBean (types: org.springframework.r2dbc.core.DatabaseClient; SearchStrategy: all) found bean 'r2dbcDatabaseClient'; @ConditionalOnMissingBean (types: org.springframework.data.r2dbc.repository.support.R2dbcRepositoryFactoryBean; SearchStrategy: all) did not find any beans (OnBeanCondition)

   R2dbcTransactionManagerAutoConfiguration matched:
      - @ConditionalOnClass found required classes 'org.springframework.r2dbc.connection.R2dbcTransactionManager', 'org.springframework.transaction.ReactiveTransactionManager' (OnClassCondition)
      - @ConditionalOnSingleCandidate (types: io.r2dbc.spi.ConnectionFactory; SearchStrategy: all) found a single bean 'connectionFactory' (OnBeanCondition)

   R2dbcTransactionManagerAutoConfiguration#connectionFactoryTransactionManager matched:
      - @ConditionalOnMissingBean (types: org.springframework.transaction.ReactiveTransactionManager; SearchStrategy: all) did not find any beans (OnBeanCondition)

   ReactiveMultipartAutoConfiguration matched:
      - @ConditionalOnClass found required classes 'org.springframework.http.codec.multipart.DefaultPartHttpMessageReader', 'org.springframework.web.reactive.config.WebFluxConfigurer' (OnClassCondition)
      - found ConfigurableReactiveWebEnvironment (OnWebApplicationCondition)

   ReactiveOAuth2ResourceServerAutoConfiguration matched:
      - @ConditionalOnClass found required class 'org.springframework.security.config.annotation.web.reactive.EnableWebFluxSecurity' (OnClassCondition)
      - found ConfigurableReactiveWebEnvironment (OnWebApplicationCondition)

   ReactiveSecurityAutoConfiguration matched:
      - @ConditionalOnClass found required classes 'reactor.core.publisher.Flux', 'org.springframework.security.config.annotation.web.reactive.EnableWebFluxSecurity', 'org.springframework.security.web.server.WebFilterChainProxy', 'org.springframework.web.reactive.config.WebFluxConfigurer' (OnClassCondition)

   ReactiveSecurityAutoConfiguration.SpringBootWebFluxSecurityConfiguration matched:
      - found ConfigurableReactiveWebEnvironment (OnWebApplicationCondition)

   ReactiveSecurityAutoConfiguration.SpringBootWebFluxSecurityConfiguration.EnableWebFluxSecurityConfiguration matched:
      - @ConditionalOnMissingBean (types: org.springframework.security.web.server.WebFilterChainProxy; SearchStrategy: all) did not find any beans (OnBeanCondition)

   ReactiveWebServerFactoryAutoConfiguration matched:
      - @ConditionalOnClass found required class 'org.springframework.http.ReactiveHttpInputMessage' (OnClassCondition)
      - found ConfigurableReactiveWebEnvironment (OnWebApplicationCondition)

   ReactiveWebServerFactoryConfiguration.EmbeddedNetty matched:
      - @ConditionalOnClass found required class 'reactor.netty.http.server.HttpServer' (OnClassCondition)
      - @ConditionalOnMissingBean (types: org.springframework.boot.web.reactive.server.ReactiveWebServerFactory; SearchStrategy: all) did not find any beans (OnBeanCondition)

   ReactorAutoConfiguration matched:
      - @ConditionalOnClass found required class 'reactor.core.publisher.Hooks' (OnClassCondition)

   ReactorNettyConfigurations.ReactorResourceFactoryConfiguration#reactorResourceFactory matched:
      - @ConditionalOnMissingBean (types: org.springframework.http.client.ReactorResourceFactory; SearchStrategy: all) did not find any beans (OnBeanCondition)

   SecurityAutoConfiguration matched:
      - @ConditionalOnClass found required class 'org.springframework.security.authentication.DefaultAuthenticationEventPublisher' (OnClassCondition)

   SecurityAutoConfiguration#authenticationEventPublisher matched:
      - @ConditionalOnMissingBean (types: org.springframework.security.authentication.AuthenticationEventPublisher; SearchStrategy: all) did not find any beans (OnBeanCondition)

   SimpleCacheConfiguration matched:
      - Cache org.springframework.boot.autoconfigure.cache.SimpleCacheConfiguration automatic cache type (CacheCondition)

   SpringDocConfigProperties matched:
      - @ConditionalOnProperty (springdoc.api-docs.enabled) matched (OnPropertyCondition)
      - @ConditionalOnBean (types: org.springdoc.core.configuration.SpringDocConfiguration; SearchStrategy: all) found bean 'org.springdoc.core.configuration.SpringDocConfiguration' (OnBeanCondition)

   SpringDocConfiguration matched:
      - @ConditionalOnWebApplication (required) found ConfigurableReactiveWebEnvironment (OnWebApplicationCondition)
      - @ConditionalOnProperty (springdoc.api-docs.enabled) matched (OnPropertyCondition)

   SpringDocConfiguration#fileSupportConverter matched:
      - @ConditionalOnMissingBean (types: org.springdoc.core.converters.FileSupportConverter; SearchStrategy: all) did not find any beans (OnBeanCondition)

   SpringDocConfiguration#openAPIBuilder matched:
      - @ConditionalOnMissingBean (types: org.springdoc.core.service.OpenAPIService; SearchStrategy: all) did not find any beans (OnBeanCondition)

   SpringDocConfiguration#operationBuilder matched:
      - @ConditionalOnMissingBean (types: org.springdoc.core.service.OperationService; SearchStrategy: all) did not find any beans (OnBeanCondition)

   SpringDocConfiguration#parameterBuilder matched:
      - @ConditionalOnMissingBean (types: org.springdoc.core.service.GenericParameterService; SearchStrategy: all) did not find any beans (OnBeanCondition)

   SpringDocConfiguration#polymorphicModelConverter matched:
      - @ConditionalOnProperty (springdoc.model-converters.polymorphic-converter.enabled) matched (OnPropertyCondition)
      - @ConditionalOnMissingBean (types: org.springdoc.core.converters.PolymorphicModelConverter; SearchStrategy: all) did not find any beans (OnBeanCondition)

   SpringDocConfiguration#requestBodyBuilder matched:
      - @ConditionalOnMissingBean (types: org.springdoc.core.service.RequestBodyService; SearchStrategy: all) did not find any beans (OnBeanCondition)

   SpringDocConfiguration#responseSupportConverter matched:
      - @ConditionalOnMissingBean (types: org.springdoc.core.converters.ResponseSupportConverter; SearchStrategy: all) did not find any beans (OnBeanCondition)

   SpringDocConfiguration#schemaPropertyDeprecatingConverter matched:
      - @ConditionalOnProperty (springdoc.model-converters.deprecating-converter.enabled) matched (OnPropertyCondition)
      - @ConditionalOnMissingBean (types: org.springdoc.core.converters.SchemaPropertyDeprecatingConverter; SearchStrategy: all) did not find any beans (OnBeanCondition)

   SpringDocConfiguration#securityParser matched:
      - @ConditionalOnMissingBean (types: org.springdoc.core.service.SecurityService; SearchStrategy: all) did not find any beans (OnBeanCondition)

   SpringDocConfiguration#springDocCustomizers matched:
      - @ConditionalOnMissingBean (types: org.springdoc.core.customizers.SpringDocCustomizers; SearchStrategy: all) did not find any beans (OnBeanCondition)

   SpringDocConfiguration#springDocProviders matched:
      - @ConditionalOnMissingBean (types: org.springdoc.core.providers.SpringDocProviders; SearchStrategy: all) did not find any beans (OnBeanCondition)

   SpringDocConfiguration#springdocObjectMapperProvider matched:
      - @ConditionalOnMissingBean (types: org.springdoc.core.providers.ObjectMapperProvider; SearchStrategy: all) did not find any beans (OnBeanCondition)

   SpringDocConfiguration.QuerydslProvider matched:
      - @ConditionalOnClass found required class 'org.springframework.data.querydsl.binding.QuerydslBindingsFactory' (OnClassCondition)

   SpringDocConfiguration.QuerydslProvider#queryDslQuerydslPredicateOperationCustomizer matched:
      - @ConditionalOnMissingBean (types: org.springdoc.core.customizers.QuerydslPredicateOperationCustomizer; SearchStrategy: all) did not find any beans (OnBeanCondition)

   SpringDocConfiguration.SpringDocSpringDataWebPropertiesProvider matched:
      - @ConditionalOnClass found required class 'org.springframework.boot.autoconfigure.data.web.SpringDataWebProperties' (OnClassCondition)

   SpringDocConfiguration.SpringDocSpringDataWebPropertiesProvider#springDataWebPropertiesProvider matched:
      - @ConditionalOnMissingBean (types: org.springdoc.core.providers.SpringDataWebPropertiesProvider; SearchStrategy: all) did not find any beans (OnBeanCondition)

   SpringDocConfiguration.SpringDocWebFluxSupportConfiguration matched:
      - @ConditionalOnClass found required class 'reactor.core.publisher.Flux' (OnClassCondition)

   SpringDocConfiguration.SpringDocWebFluxSupportConfiguration#webFluxSupportConverter matched:
      - @ConditionalOnMissingBean (types: org.springdoc.core.converters.WebFluxSupportConverter; SearchStrategy: all) did not find any beans (OnBeanCondition)

   SpringDocConfiguration.WebConversionServiceConfiguration matched:
      - @ConditionalOnClass found required class 'org.springframework.boot.autoconfigure.web.format.WebConversionService' (OnClassCondition)

   SpringDocKotlinConfiguration matched:
      - @ConditionalOnClass found required class 'kotlin.coroutines.Continuation' (OnClassCondition)
      - @ConditionalOnWebApplication (required) found ConfigurableReactiveWebEnvironment (OnWebApplicationCondition)
      - @ConditionalOnProperty (springdoc.api-docs.enabled) matched (OnPropertyCondition)
      - @ConditionalOnExpression (#{${springdoc.api-docs.enabled:true} and ${springdoc.enable-kotlin:true}}) resulted in true (OnExpressionCondition)
      - @ConditionalOnBean (types: org.springdoc.core.configuration.SpringDocConfiguration; SearchStrategy: all) found bean 'org.springdoc.core.configuration.SpringDocConfiguration' (OnBeanCondition)

   SpringDocKotlinConfiguration#kotlinCoroutinesReturnTypeParser matched:
      - @ConditionalOnMissingBean (types: org.springdoc.core.parsers.KotlinCoroutinesReturnTypeParser; SearchStrategy: all) did not find any beans (OnBeanCondition)

   SpringDocKotlinConfiguration#nullableKotlinRequestParameterCustomizer matched:
      - @ConditionalOnProperty (springdoc.nullable-request-parameter-enabled) matched (OnPropertyCondition)
      - @ConditionalOnMissingBean (types: org.springdoc.core.customizers.ParameterCustomizer; SearchStrategy: all) did not find any beans (OnBeanCondition)

   SpringDocPageableConfiguration matched:
      - @ConditionalOnClass found required class 'org.springframework.data.domain.Pageable' (OnClassCondition)
      - @ConditionalOnWebApplication (required) found ConfigurableReactiveWebEnvironment (OnWebApplicationCondition)
      - @ConditionalOnProperty (springdoc.api-docs.enabled) matched (OnPropertyCondition)
      - @ConditionalOnBean (types: org.springdoc.core.configuration.SpringDocConfiguration; SearchStrategy: all) found bean 'org.springdoc.core.configuration.SpringDocConfiguration' (OnBeanCondition)

   SpringDocPageableConfiguration#delegatingMethodParameterCustomizer matched:
      - @ConditionalOnMissingBean (types: org.springdoc.core.customizers.DelegatingMethodParameterCustomizer; SearchStrategy: all) did not find any beans (OnBeanCondition)

   SpringDocPageableConfiguration#pageableOpenAPIConverter matched:
      - @ConditionalOnProperty (springdoc.model-converters.pageable-converter.enabled) matched (OnPropertyCondition)
      - @ConditionalOnMissingBean (types: org.springdoc.core.converters.PageableOpenAPIConverter; SearchStrategy: all) did not find any beans (OnBeanCondition)

   SpringDocSecurityConfiguration matched:
      - @ConditionalOnClass found required class 'org.springframework.security.web.SecurityFilterChain' (OnClassCondition)
      - @ConditionalOnWebApplication (required) found ConfigurableReactiveWebEnvironment (OnWebApplicationCondition)
      - @ConditionalOnExpression (#{${springdoc.api-docs.enabled:true} and ${springdoc.enable-spring-security:true}}) resulted in true (OnExpressionCondition)
      - @ConditionalOnBean (types: org.springdoc.core.configuration.SpringDocConfiguration; SearchStrategy: all) found bean 'org.springdoc.core.configuration.SpringDocConfiguration' (OnBeanCondition)

   SpringDocSortConfiguration matched:
      - @ConditionalOnClass found required class 'org.springframework.data.domain.Sort' (OnClassCondition)
      - @ConditionalOnWebApplication (required) found ConfigurableReactiveWebEnvironment (OnWebApplicationCondition)
      - @ConditionalOnProperty (springdoc.api-docs.enabled) matched (OnPropertyCondition)
      - @ConditionalOnBean (types: org.springdoc.core.configuration.SpringDocConfiguration; SearchStrategy: all) found bean 'org.springdoc.core.configuration.SpringDocConfiguration' (OnBeanCondition)

   SpringDocSortConfiguration#sortOpenAPIConverter matched:
      - @ConditionalOnProperty (springdoc.sort-converter.enabled) matched (OnPropertyCondition)
      - @ConditionalOnMissingBean (types: org.springdoc.core.converters.SortOpenAPIConverter; SearchStrategy: all) did not find any beans (OnBeanCondition)

   SpringDocUIConfiguration matched:
      - @ConditionalOnWebApplication (required) found ConfigurableReactiveWebEnvironment (OnWebApplicationCondition)
      - @ConditionalOnBean (types: org.springdoc.core.configuration.SpringDocConfiguration; SearchStrategy: all) found bean 'org.springdoc.core.configuration.SpringDocConfiguration' (OnBeanCondition)

   SpringDocWebFluxConfiguration matched:
      - found ConfigurableReactiveWebEnvironment (OnWebApplicationCondition)
      - @ConditionalOnProperty (springdoc.api-docs.enabled) matched (OnPropertyCondition)
      - @ConditionalOnBean (types: org.springdoc.core.configuration.SpringDocConfiguration; SearchStrategy: all) found bean 'org.springdoc.core.configuration.SpringDocConfiguration' (OnBeanCondition)

   SpringDocWebFluxConfiguration#openApiResource matched:
      - @ConditionalOnExpression (#{(${springdoc.use-management-port:false} == false ) and ${springdoc.enable-default-api-docs:true}}) resulted in true (OnExpressionCondition)
      - @ConditionalOnMissingBean (types: org.springdoc.webflux.api.OpenApiWebfluxResource; SearchStrategy: all) did not find any beans (OnBeanCondition)

   SpringDocWebFluxConfiguration#requestBuilder matched:
      - @ConditionalOnMissingBean (types: org.springdoc.webflux.core.service.RequestService; SearchStrategy: all) did not find any beans (OnBeanCondition)

   SpringDocWebFluxConfiguration#responseBuilder matched:
      - @ConditionalOnMissingBean (types: org.springdoc.core.service.GenericResponseService; SearchStrategy: all) did not find any beans (OnBeanCondition)

   SpringDocWebFluxConfiguration#springWebProvider matched:
      - @ConditionalOnMissingBean (types: org.springdoc.core.providers.SpringWebProvider; SearchStrategy: all) did not find any beans (OnBeanCondition)

   SqlInitializationAutoConfiguration matched:
      - @ConditionalOnBooleanProperty (spring.sql.init.enabled=true) matched (OnPropertyCondition)
      - NoneNestedConditions 0 matched 1 did not; NestedCondition on SqlInitializationAutoConfiguration.SqlInitializationModeCondition.ModeIsNever @ConditionalOnProperty (spring.sql.init.mode=never) did not find property 'spring.sql.init.mode' (SqlInitializationAutoConfiguration.SqlInitializationModeCondition)

   SslAutoConfiguration#sslBundleRegistry matched:
      - @ConditionalOnMissingBean (types: org.springframework.boot.ssl.SslBundleRegistry,org.springframework.boot.ssl.SslBundles; SearchStrategy: all) did not find any beans (OnBeanCondition)

   SwaggerConfig matched:
      - found ConfigurableReactiveWebEnvironment (OnWebApplicationCondition)
      - @ConditionalOnProperty (springdoc.swagger-ui.enabled) matched (OnPropertyCondition)
      - @ConditionalOnBean (types: org.springdoc.core.configuration.SpringDocConfiguration; SearchStrategy: all) found bean 'org.springdoc.core.configuration.SpringDocConfiguration' (OnBeanCondition)

   SwaggerConfig#indexPageTransformer matched:
      - @ConditionalOnMissingBean (types: org.springdoc.webflux.ui.SwaggerIndexTransformer; SearchStrategy: all) did not find any beans (OnBeanCondition)

   SwaggerConfig#swaggerConfigResource matched:
      - @ConditionalOnProperty (springdoc.use-management-port=false) matched (OnPropertyCondition)
      - @ConditionalOnMissingBean (types: org.springdoc.webflux.ui.SwaggerConfigResource; SearchStrategy: all) did not find any beans (OnBeanCondition)

   SwaggerConfig#swaggerResourceResolver matched:
      - @ConditionalOnMissingBean (types: org.springdoc.webflux.ui.SwaggerResourceResolver; SearchStrategy: all) did not find any beans (OnBeanCondition)

   SwaggerConfig#swaggerWebFluxConfigurer matched:
      - @ConditionalOnMissingBean (types: org.springdoc.webflux.ui.SwaggerWebFluxConfigurer; SearchStrategy: all) did not find any beans (OnBeanCondition)

   SwaggerConfig#swaggerWelcome matched:
      - @ConditionalOnProperty (springdoc.use-management-port=false) matched (OnPropertyCondition)
      - @ConditionalOnMissingBean (types: org.springdoc.webflux.ui.SwaggerWelcomeWebFlux; SearchStrategy: all) did not find any beans (OnBeanCondition)

   SwaggerUiConfigParameters matched:
      - @ConditionalOnProperty (springdoc.swagger-ui.enabled) matched (OnPropertyCondition)
      - @ConditionalOnBean (types: org.springdoc.core.configuration.SpringDocConfiguration; SearchStrategy: all) found bean 'org.springdoc.core.configuration.SpringDocConfiguration' (OnBeanCondition)

   SwaggerUiConfigProperties matched:
      - @ConditionalOnProperty (springdoc.swagger-ui.enabled) matched (OnPropertyCondition)
      - @ConditionalOnBean (types: org.springdoc.core.configuration.SpringDocConfiguration; SearchStrategy: all) found bean 'org.springdoc.core.configuration.SpringDocConfiguration' (OnBeanCondition)

   SwaggerUiOAuthProperties matched:
      - @ConditionalOnProperty (springdoc.swagger-ui.enabled) matched (OnPropertyCondition)
      - @ConditionalOnBean (types: org.springdoc.core.configuration.SpringDocConfiguration; SearchStrategy: all) found bean 'org.springdoc.core.configuration.SpringDocConfiguration' (OnBeanCondition)

   TaskExecutionAutoConfiguration matched:
      - @ConditionalOnClass found required class 'org.springframework.scheduling.concurrent.ThreadPoolTaskExecutor' (OnClassCondition)

   TaskExecutorConfigurations.AsyncConfigurerConfiguration matched:
      - @ConditionalOnMissingBean (types: org.springframework.scheduling.annotation.AsyncConfigurer; SearchStrategy: all) did not find any beans (OnBeanCondition)

   TaskExecutorConfigurations.AsyncConfigurerConfiguration#applicationTaskExecutorAsyncConfigurer matched:
      - @ConditionalOnMissingBean (types: org.springframework.scheduling.annotation.AsyncConfigurer; SearchStrategy: all) did not find any beans (OnBeanCondition)

   TaskExecutorConfigurations.SimpleAsyncTaskExecutorBuilderConfiguration#simpleAsyncTaskExecutorBuilder matched:
      - @ConditionalOnMissingBean (types: org.springframework.boot.task.SimpleAsyncTaskExecutorBuilder; SearchStrategy: all) did not find any beans (OnBeanCondition)
      - @ConditionalOnThreading found PLATFORM (OnThreadingCondition)

   TaskExecutorConfigurations.TaskExecutorConfiguration matched:
      - AnyNestedCondition 1 matched 1 did not; NestedCondition on TaskExecutorConfigurations.OnExecutorCondition.ModelCondition @ConditionalOnProperty (spring.task.execution.mode=force) did not find property 'spring.task.execution.mode'; NestedCondition on TaskExecutorConfigurations.OnExecutorCondition.ExecutorBeanCondition @ConditionalOnMissingBean (types: java.util.concurrent.Executor; SearchStrategy: all) did not find any beans (TaskExecutorConfigurations.OnExecutorCondition)

   TaskExecutorConfigurations.TaskExecutorConfiguration#applicationTaskExecutor matched:
      - @ConditionalOnThreading found PLATFORM (OnThreadingCondition)

   TaskExecutorConfigurations.ThreadPoolTaskExecutorBuilderConfiguration#threadPoolTaskExecutorBuilder matched:
      - @ConditionalOnMissingBean (types: org.springframework.boot.task.ThreadPoolTaskExecutorBuilder; SearchStrategy: all) did not find any beans (OnBeanCondition)

   TaskSchedulingAutoConfiguration matched:
      - @ConditionalOnClass found required class 'org.springframework.scheduling.concurrent.ThreadPoolTaskScheduler' (OnClassCondition)

   TaskSchedulingConfigurations.SimpleAsyncTaskSchedulerBuilderConfiguration#simpleAsyncTaskSchedulerBuilder matched:
      - @ConditionalOnMissingBean (types: org.springframework.boot.task.SimpleAsyncTaskSchedulerBuilder; SearchStrategy: all) did not find any beans (OnBeanCondition)
      - @ConditionalOnThreading found PLATFORM (OnThreadingCondition)

   TaskSchedulingConfigurations.ThreadPoolTaskSchedulerBuilderConfiguration#threadPoolTaskSchedulerBuilder matched:
      - @ConditionalOnMissingBean (types: org.springframework.boot.task.ThreadPoolTaskSchedulerBuilder; SearchStrategy: all) did not find any beans (OnBeanCondition)

   TransactionAutoConfiguration matched:
      - @ConditionalOnClass found required class 'org.springframework.transaction.PlatformTransactionManager' (OnClassCondition)

   TransactionAutoConfiguration#transactionalOperator matched:
      - @ConditionalOnSingleCandidate (types: org.springframework.transaction.ReactiveTransactionManager; SearchStrategy: all) found a single bean 'connectionFactoryTransactionManager'; @ConditionalOnMissingBean (types: org.springframework.transaction.reactive.TransactionalOperator; SearchStrategy: all) did not find any beans (OnBeanCondition)

   TransactionAutoConfiguration.EnableTransactionManagementConfiguration matched:
      - @ConditionalOnBean (types: org.springframework.transaction.TransactionManager; SearchStrategy: all) found bean 'connectionFactoryTransactionManager'; @ConditionalOnMissingBean (types: org.springframework.transaction.annotation.AbstractTransactionManagementConfiguration; SearchStrategy: all) did not find any beans (OnBeanCondition)

   TransactionAutoConfiguration.EnableTransactionManagementConfiguration.CglibAutoProxyConfiguration matched:
      - @ConditionalOnBooleanProperty (spring.aop.proxy-target-class=true) matched (OnPropertyCondition)

   TransactionManagerCustomizationAutoConfiguration matched:
      - @ConditionalOnClass found required class 'org.springframework.transaction.PlatformTransactionManager' (OnClassCondition)

   TransactionManagerCustomizationAutoConfiguration#platformTransactionManagerCustomizers matched:
      - @ConditionalOnMissingBean (types: org.springframework.boot.autoconfigure.transaction.TransactionManagerCustomizers; SearchStrategy: all) did not find any beans (OnBeanCondition)

   ValidationAutoConfiguration matched:
      - @ConditionalOnClass found required class 'jakarta.validation.executable.ExecutableValidator' (OnClassCondition)
      - @ConditionalOnResource found location classpath:META-INF/services/jakarta.validation.spi.ValidationProvider (OnResourceCondition)

   ValidationAutoConfiguration#defaultValidator matched:
      - @ConditionalOnMissingBean (types: jakarta.validation.Validator; SearchStrategy: all) did not find any beans (OnBeanCondition)

   ValidationAutoConfiguration#methodValidationPostProcessor matched:
      - @ConditionalOnMissingBean (types: org.springframework.validation.beanvalidation.MethodValidationPostProcessor; SearchStrategy: current) did not find any beans (OnBeanCondition)

   WebClientAutoConfiguration matched:
      - @ConditionalOnClass found required class 'org.springframework.web.reactive.function.client.WebClient' (OnClassCondition)

   WebClientAutoConfiguration#webClientBuilder matched:
      - @ConditionalOnMissingBean (types: org.springframework.web.reactive.function.client.WebClient$Builder; SearchStrategy: all) did not find any beans (OnBeanCondition)

   WebClientAutoConfiguration#webClientHttpConnectorCustomizer matched:
      - @ConditionalOnBean (types: org.springframework.http.client.reactive.ClientHttpConnector; SearchStrategy: all) found bean 'clientHttpConnector' (OnBeanCondition)

   WebClientAutoConfiguration#webClientSsl matched:
      - @ConditionalOnBean (types: org.springframework.boot.ssl.SslBundles; SearchStrategy: all) found bean 'sslBundleRegistry'; @ConditionalOnMissingBean (types: org.springframework.boot.autoconfigure.web.reactive.function.client.WebClientSsl; SearchStrategy: all) did not find any beans (OnBeanCondition)

   WebClientAutoConfiguration.WebClientCodecsConfiguration matched:
      - @ConditionalOnBean (types: org.springframework.boot.web.codec.CodecCustomizer; SearchStrategy: all) found beans 'jacksonCodecCustomizer', 'defaultCodecCustomizer', 'defaultPartHttpMessageReaderCustomizer' (OnBeanCondition)

   WebClientAutoConfiguration.WebClientCodecsConfiguration#exchangeStrategiesCustomizer matched:
      - @ConditionalOnMissingBean (types: org.springframework.boot.autoconfigure.web.reactive.function.client.WebClientCodecCustomizer; SearchStrategy: all) did not find any beans (OnBeanCondition)

   WebFluxAutoConfiguration matched:
      - @ConditionalOnClass found required class 'org.springframework.web.reactive.config.WebFluxConfigurer' (OnClassCondition)
      - found ConfigurableReactiveWebEnvironment (OnWebApplicationCondition)
      - @ConditionalOnMissingBean (types: org.springframework.web.reactive.config.WebFluxConfigurationSupport; SearchStrategy: all) did not find any beans (OnBeanCondition)

   WebFluxAutoConfiguration.EnableWebFluxConfiguration#localeContextResolver matched:
      - @ConditionalOnMissingBean (names: localeContextResolver; SearchStrategy: all) did not find any beans (OnBeanCondition)

   WebFluxAutoConfiguration.EnableWebFluxConfiguration#webSessionManager matched:
      - @ConditionalOnMissingBean (names: webSessionManager; SearchStrategy: all) did not find any beans (OnBeanCondition)

   WebSessionIdResolverAutoConfiguration matched:
      - @ConditionalOnClass found required classes 'org.springframework.web.server.session.WebSessionManager', 'reactor.core.publisher.Mono' (OnClassCondition)
      - found ConfigurableReactiveWebEnvironment (OnWebApplicationCondition)

   WebSessionIdResolverAutoConfiguration#webSessionIdResolver matched:
      - @ConditionalOnMissingBean (types: org.springframework.web.server.session.WebSessionIdResolver; SearchStrategy: all) did not find any beans (OnBeanCondition)


Negative matches:
-----------------

   ActiveMQAutoConfiguration:
      Did not match:
         - @ConditionalOnClass did not find required class 'jakarta.jms.ConnectionFactory' (OnClassCondition)

   AopAutoConfiguration.AspectJAutoProxyingConfiguration:
      Did not match:
         - @ConditionalOnClass did not find required class 'org.aspectj.weaver.Advice' (OnClassCondition)

   ArtemisAutoConfiguration:
      Did not match:
         - @ConditionalOnClass did not find required class 'jakarta.jms.ConnectionFactory' (OnClassCondition)

   BatchAutoConfiguration:
      Did not match:
         - @ConditionalOnClass did not find required class 'org.springframework.batch.core.launch.JobLauncher' (OnClassCondition)

   Cache2kCacheConfiguration:
      Did not match:
         - @ConditionalOnClass did not find required class 'org.cache2k.Cache2kBuilder' (OnClassCondition)

   CacheAutoConfiguration:
      Did not match:
         - @ConditionalOnBean (types: org.springframework.cache.interceptor.CacheAspectSupport; SearchStrategy: all) did not find any beans of type org.springframework.cache.interceptor.CacheAspectSupport (OnBeanCondition)
      Matched:
         - @ConditionalOnClass found required class 'org.springframework.cache.CacheManager' (OnClassCondition)

   CacheAutoConfiguration.CacheManagerEntityManagerFactoryDependsOnPostProcessor:
      Did not match:
         - @ConditionalOnClass did not find required class 'org.springframework.orm.jpa.LocalContainerEntityManagerFactoryBean' (OnClassCondition)
         - Ancestor org.springframework.boot.autoconfigure.cache.CacheAutoConfiguration did not match (ConditionEvaluationReport.AncestorsMatchedCondition)

   CaffeineCacheConfiguration:
      Did not match:
         - @ConditionalOnClass did not find required class 'com.github.benmanes.caffeine.cache.Caffeine' (OnClassCondition)

   CassandraAutoConfiguration:
      Did not match:
         - @ConditionalOnClass did not find required class 'com.datastax.oss.driver.api.core.CqlSession' (OnClassCondition)

   CassandraDataAutoConfiguration:
      Did not match:
         - @ConditionalOnClass did not find required class 'com.datastax.oss.driver.api.core.CqlSession' (OnClassCondition)

   CassandraReactiveDataAutoConfiguration:
      Did not match:
         - @ConditionalOnClass did not find required class 'com.datastax.oss.driver.api.core.CqlSession' (OnClassCondition)

   CassandraReactiveRepositoriesAutoConfiguration:
      Did not match:
         - @ConditionalOnClass did not find required class 'org.springframework.data.cassandra.ReactiveSession' (OnClassCondition)

   CassandraRepositoriesAutoConfiguration:
      Did not match:
         - @ConditionalOnClass did not find required class 'com.datastax.oss.driver.api.core.CqlSession' (OnClassCondition)

   ConnectionFactoryConfigurations.GenericConfiguration:
      Did not match:
         - @ConditionalOnMissingBean (types: io.r2dbc.spi.ConnectionFactory; SearchStrategy: all) found beans of type 'io.r2dbc.spi.ConnectionFactory' connectionFactory (OnBeanCondition)
      Matched:
         - @ConditionalOnBooleanProperty (spring.r2dbc.pool.enabled=false) matched (OnPropertyCondition)

   CouchbaseAutoConfiguration:
      Did not match:
         - @ConditionalOnClass did not find required class 'com.couchbase.client.java.Cluster' (OnClassCondition)

   CouchbaseCacheConfiguration:
      Did not match:
         - @ConditionalOnClass did not find required class 'com.couchbase.client.java.Cluster' (OnClassCondition)

   CouchbaseDataAutoConfiguration:
      Did not match:
         - @ConditionalOnClass did not find required class 'com.couchbase.client.java.Bucket' (OnClassCondition)

   CouchbaseReactiveDataAutoConfiguration:
      Did not match:
         - @ConditionalOnClass did not find required class 'com.couchbase.client.java.Cluster' (OnClassCondition)

   CouchbaseReactiveRepositoriesAutoConfiguration:
      Did not match:
         - @ConditionalOnClass did not find required class 'com.couchbase.client.java.Cluster' (OnClassCondition)

   CouchbaseRepositoriesAutoConfiguration:
      Did not match:
         - @ConditionalOnClass did not find required class 'com.couchbase.client.java.Bucket' (OnClassCondition)

   DataSourceAutoConfiguration:
      Did not match:
         - @ConditionalOnMissingBean (types: io.r2dbc.spi.ConnectionFactory; SearchStrategy: all) found beans of type 'io.r2dbc.spi.ConnectionFactory' connectionFactory (OnBeanCondition)
      Matched:
         - @ConditionalOnClass found required classes 'javax.sql.DataSource', 'org.springframework.jdbc.datasource.embedded.EmbeddedDatabaseType' (OnClassCondition)

   DataSourceAutoConfiguration.EmbeddedDatabaseConfiguration:
      Did not match:
         - EmbeddedDataSource did not find embedded database (DataSourceAutoConfiguration.EmbeddedDatabaseCondition)
         - Ancestor org.springframework.boot.autoconfigure.jdbc.DataSourceAutoConfiguration did not match (ConditionEvaluationReport.AncestorsMatchedCondition)

   DataSourceAutoConfiguration.PooledDataSourceConfiguration:
      Did not match:
         - AnyNestedCondition 0 matched 2 did not; NestedCondition on DataSourceAutoConfiguration.PooledDataSourceCondition.PooledDataSourceAvailable PooledDataSource did not find supported DataSource; NestedCondition on DataSourceAutoConfiguration.PooledDataSourceCondition.ExplicitType @ConditionalOnProperty (spring.datasource.type) did not find property 'spring.datasource.type' (DataSourceAutoConfiguration.PooledDataSourceCondition)
         - Ancestor org.springframework.boot.autoconfigure.jdbc.DataSourceAutoConfiguration did not match (ConditionEvaluationReport.AncestorsMatchedCondition)

   DataSourceCheckpointRestoreConfiguration:
      Did not match:
         - @ConditionalOnClass did not find required class 'org.crac.Resource' (OnClassCondition)

   DataSourceInitializationConfiguration:
      Did not match:
         - @ConditionalOnSingleCandidate (types: javax.sql.DataSource; SearchStrategy: all) did not find any beans (OnBeanCondition)
      Matched:
         - @ConditionalOnClass found required class 'org.springframework.jdbc.datasource.init.DatabasePopulator' (OnClassCondition)

   DataSourcePoolMetadataProvidersConfiguration.CommonsDbcp2PoolDataSourceMetadataProviderConfiguration:
      Did not match:
         - @ConditionalOnClass did not find required class 'org.apache.commons.dbcp2.BasicDataSource' (OnClassCondition)

   DataSourcePoolMetadataProvidersConfiguration.HikariPoolDataSourceMetadataProviderConfiguration:
      Did not match:
         - @ConditionalOnClass did not find required class 'com.zaxxer.hikari.HikariDataSource' (OnClassCondition)

   DataSourcePoolMetadataProvidersConfiguration.OracleUcpPoolDataSourceMetadataProviderConfiguration:
      Did not match:
         - @ConditionalOnClass did not find required classes 'oracle.ucp.jdbc.PoolDataSource', 'oracle.jdbc.OracleConnection' (OnClassCondition)

   DataSourcePoolMetadataProvidersConfiguration.TomcatDataSourcePoolMetadataProviderConfiguration:
      Did not match:
         - @ConditionalOnClass did not find required class 'org.apache.tomcat.jdbc.pool.DataSource' (OnClassCondition)

   DataSourceTransactionManagerAutoConfiguration.JdbcTransactionManagerConfiguration:
      Did not match:
         - @ConditionalOnSingleCandidate (types: javax.sql.DataSource; SearchStrategy: all) did not find any beans (OnBeanCondition)

   DispatcherServletAutoConfiguration:
      Did not match:
         - @ConditionalOnClass did not find required class 'org.springframework.web.servlet.DispatcherServlet' (OnClassCondition)

   ElasticsearchClientAutoConfiguration:
      Did not match:
         - @ConditionalOnClass did not find required class 'co.elastic.clients.elasticsearch.ElasticsearchClient' (OnClassCondition)

   ElasticsearchDataAutoConfiguration:
      Did not match:
         - @ConditionalOnClass did not find required class 'org.springframework.data.elasticsearch.client.elc.ElasticsearchTemplate' (OnClassCondition)

   ElasticsearchRepositoriesAutoConfiguration:
      Did not match:
         - @ConditionalOnClass did not find required class 'org.springframework.data.elasticsearch.repository.ElasticsearchRepository' (OnClassCondition)

   ElasticsearchRestClientAutoConfiguration:
      Did not match:
         - @ConditionalOnClass did not find required class 'org.elasticsearch.client.RestClientBuilder' (OnClassCondition)

   EmbeddedLdapAutoConfiguration:
      Did not match:
         - @ConditionalOnClass did not find required class 'com.unboundid.ldap.listener.InMemoryDirectoryServer' (OnClassCondition)

   EmbeddedWebServerFactoryCustomizerAutoConfiguration.JettyWebServerFactoryCustomizerConfiguration:
      Did not match:
         - @ConditionalOnClass did not find required classes 'org.eclipse.jetty.server.Server', 'org.eclipse.jetty.util.Loader', 'org.eclipse.jetty.ee10.webapp.WebAppContext' (OnClassCondition)

   EmbeddedWebServerFactoryCustomizerAutoConfiguration.TomcatWebServerFactoryCustomizerConfiguration:
      Did not match:
         - @ConditionalOnClass did not find required classes 'org.apache.catalina.startup.Tomcat', 'org.apache.coyote.UpgradeProtocol' (OnClassCondition)

   EmbeddedWebServerFactoryCustomizerAutoConfiguration.UndertowWebServerFactoryCustomizerConfiguration:
      Did not match:
         - @ConditionalOnClass did not find required classes 'io.undertow.Undertow', 'org.xnio.SslClientAuthMode' (OnClassCondition)

   ErrorMvcAutoConfiguration:
      Did not match:
         - @ConditionalOnClass did not find required class 'jakarta.servlet.Servlet' (OnClassCondition)

   FlywayAutoConfiguration.FlywayConfiguration.OracleConfiguration:
      Did not match:
         - @ConditionalOnClass did not find required class 'org.flywaydb.database.oracle.OracleConfigurationExtension' (OnClassCondition)

   FlywayAutoConfiguration.FlywayConfiguration.SqlServerConfiguration:
      Did not match:
         - @ConditionalOnClass did not find required class 'org.flywaydb.database.sqlserver.SQLServerConfigurationExtension' (OnClassCondition)

   FreeMarkerAutoConfiguration:
      Did not match:
         - @ConditionalOnClass did not find required class 'freemarker.template.Configuration' (OnClassCondition)

   GraphQlAutoConfiguration:
      Did not match:
         - @ConditionalOnClass did not find required class 'graphql.GraphQL' (OnClassCondition)

   GraphQlQueryByExampleAutoConfiguration:
      Did not match:
         - @ConditionalOnClass did not find required class 'graphql.GraphQL' (OnClassCondition)

   GraphQlQuerydslAutoConfiguration:
      Did not match:
         - @ConditionalOnClass did not find required class 'com.querydsl.core.Query' (OnClassCondition)

   GraphQlRSocketAutoConfiguration:
      Did not match:
         - @ConditionalOnClass did not find required class 'graphql.GraphQL' (OnClassCondition)

   GraphQlReactiveQueryByExampleAutoConfiguration:
      Did not match:
         - @ConditionalOnClass did not find required class 'graphql.GraphQL' (OnClassCondition)

   GraphQlReactiveQuerydslAutoConfiguration:
      Did not match:
         - @ConditionalOnClass did not find required class 'com.querydsl.core.Query' (OnClassCondition)

   GraphQlWebFluxAutoConfiguration:
      Did not match:
         - @ConditionalOnClass did not find required class 'graphql.GraphQL' (OnClassCondition)

   GraphQlWebFluxSecurityAutoConfiguration:
      Did not match:
         - @ConditionalOnClass did not find required class 'graphql.GraphQL' (OnClassCondition)

   GraphQlWebMvcAutoConfiguration:
      Did not match:
         - @ConditionalOnClass did not find required class 'graphql.GraphQL' (OnClassCondition)

   GraphQlWebMvcSecurityAutoConfiguration:
      Did not match:
         - @ConditionalOnClass did not find required class 'graphql.GraphQL' (OnClassCondition)

   GroovyTemplateAutoConfiguration:
      Did not match:
         - @ConditionalOnClass did not find required class 'groovy.text.markup.MarkupTemplateEngine' (OnClassCondition)

   GsonAutoConfiguration:
      Did not match:
         - @ConditionalOnClass did not find required class 'com.google.gson.Gson' (OnClassCondition)

   H2ConsoleAutoConfiguration:
      Did not match:
         - @ConditionalOnClass did not find required class 'org.h2.server.web.JakartaWebServlet' (OnClassCondition)

   HazelcastAutoConfiguration:
      Did not match:
         - @ConditionalOnClass did not find required class 'com.hazelcast.core.HazelcastInstance' (OnClassCondition)

   HazelcastCacheConfiguration:
      Did not match:
         - @ConditionalOnClass did not find required class 'com.hazelcast.core.HazelcastInstance' (OnClassCondition)

   HazelcastJpaDependencyAutoConfiguration:
      Did not match:
         - @ConditionalOnClass did not find required class 'com.hazelcast.core.HazelcastInstance' (OnClassCondition)

   HibernateJpaAutoConfiguration:
      Did not match:
         - @ConditionalOnClass did not find required class 'jakarta.persistence.EntityManager' (OnClassCondition)

   HttpClientAutoConfiguration:
      Did not match:
         - NoneNestedConditions 1 matched 0 did not; NestedCondition on NotReactiveWebApplicationCondition.ReactiveWebApplication found ConfigurableReactiveWebEnvironment (NotReactiveWebApplicationCondition)
      Matched:
         - @ConditionalOnClass found required class 'org.springframework.http.client.ClientHttpRequestFactory' (OnClassCondition)

   HttpEncodingAutoConfiguration:
      Did not match:
         - @ConditionalOnClass did not find required class 'org.springframework.web.filter.CharacterEncodingFilter' (OnClassCondition)

   HttpMessageConvertersAutoConfiguration:
      Did not match:
         - NoneNestedConditions 1 matched 0 did not; NestedCondition on HttpMessageConvertersAutoConfiguration.NotReactiveWebApplicationCondition.ReactiveWebApplication found ConfigurableReactiveWebEnvironment (HttpMessageConvertersAutoConfiguration.NotReactiveWebApplicationCondition)
      Matched:
         - @ConditionalOnClass found required class 'org.springframework.http.converter.HttpMessageConverter' (OnClassCondition)

   HypermediaAutoConfiguration:
      Did not match:
         - @ConditionalOnClass did not find required class 'org.springframework.hateoas.EntityModel' (OnClassCondition)

   InfinispanCacheConfiguration:
      Did not match:
         - @ConditionalOnClass did not find required class 'org.infinispan.spring.embedded.provider.SpringEmbeddedCacheManager' (OnClassCondition)

   IntegrationAutoConfiguration:
      Did not match:
         - @ConditionalOnClass did not find required class 'org.springframework.integration.config.EnableIntegration' (OnClassCondition)

   JCacheCacheConfiguration:
      Did not match:
         - @ConditionalOnClass did not find required class 'javax.cache.Caching' (OnClassCondition)

   JacksonAutoConfiguration.JacksonObjectMapperConfiguration#jacksonObjectMapper:
      Did not match:
         - @ConditionalOnMissingBean (types: com.fasterxml.jackson.databind.ObjectMapper; SearchStrategy: all) found beans of type 'com.fasterxml.jackson.databind.ObjectMapper' objectMapper (OnBeanCondition)

   JdbcClientAutoConfiguration:
      Did not match:
         - @ConditionalOnSingleCandidate (types: org.springframework.jdbc.core.namedparam.NamedParameterJdbcTemplate; SearchStrategy: all) did not find any beans (OnBeanCondition)

   JdbcRepositoriesAutoConfiguration:
      Did not match:
         - @ConditionalOnClass did not find required class 'org.springframework.data.jdbc.repository.config.AbstractJdbcConfiguration' (OnClassCondition)

   JdbcTemplateAutoConfiguration:
      Did not match:
         - @ConditionalOnSingleCandidate (types: javax.sql.DataSource; SearchStrategy: all) did not find any beans (OnBeanCondition)
      Matched:
         - @ConditionalOnClass found required classes 'javax.sql.DataSource', 'org.springframework.jdbc.core.JdbcTemplate' (OnClassCondition)

   JerseyAutoConfiguration:
      Did not match:
         - @ConditionalOnClass did not find required class 'jakarta.servlet.ServletRegistration' (OnClassCondition)

   JmsAutoConfiguration:
      Did not match:
         - @ConditionalOnClass did not find required class 'jakarta.jms.Message' (OnClassCondition)

   JmxAutoConfiguration:
      Did not match:
         - @ConditionalOnBooleanProperty (spring.jmx.enabled=true) did not find property 'spring.jmx.enabled' (OnPropertyCondition)
      Matched:
         - @ConditionalOnClass found required class 'org.springframework.jmx.export.MBeanExporter' (OnClassCondition)

   JndiConnectionFactoryAutoConfiguration:
      Did not match:
         - @ConditionalOnClass did not find required class 'org.springframework.jms.core.JmsTemplate' (OnClassCondition)

   JndiDataSourceAutoConfiguration:
      Did not match:
         - @ConditionalOnProperty (spring.datasource.jndi-name) did not find property 'spring.datasource.jndi-name' (OnPropertyCondition)
      Matched:
         - @ConditionalOnClass found required classes 'javax.sql.DataSource', 'org.springframework.jdbc.datasource.embedded.EmbeddedDatabaseType' (OnClassCondition)

   JooqAutoConfiguration:
      Did not match:
         - @ConditionalOnClass did not find required class 'org.jooq.DSLContext' (OnClassCondition)

   JpaRepositoriesAutoConfiguration:
      Did not match:
         - @ConditionalOnClass did not find required class 'org.springframework.data.jpa.repository.JpaRepository' (OnClassCondition)

   JsonbAutoConfiguration:
      Did not match:
         - @ConditionalOnClass did not find required class 'jakarta.json.bind.Jsonb' (OnClassCondition)

   JtaAutoConfiguration:
      Did not match:
         - @ConditionalOnClass did not find required class 'jakarta.transaction.Transaction' (OnClassCondition)

   KafkaAutoConfiguration:
      Did not match:
         - @ConditionalOnClass did not find required class 'org.springframework.kafka.core.KafkaTemplate' (OnClassCondition)

   LdapAutoConfiguration:
      Did not match:
         - @ConditionalOnClass did not find required class 'org.springframework.ldap.core.ContextSource' (OnClassCondition)

   LdapRepositoriesAutoConfiguration:
      Did not match:
         - @ConditionalOnClass did not find required class 'org.springframework.data.ldap.repository.LdapRepository' (OnClassCondition)

   LiquibaseAutoConfiguration:
      Did not match:
         - @ConditionalOnClass did not find required class 'liquibase.change.DatabaseChange' (OnClassCondition)

   MailSenderAutoConfiguration:
      Did not match:
         - @ConditionalOnClass did not find required class 'jakarta.mail.internet.MimeMessage' (OnClassCondition)

   MailSenderValidatorAutoConfiguration:
      Did not match:
         - @ConditionalOnSingleCandidate did not find required type 'org.springframework.mail.javamail.JavaMailSenderImpl' (OnBeanCondition)

   MessageSourceAutoConfiguration:
      Did not match:
         - ResourceBundle did not find bundle with basename messages (MessageSourceAutoConfiguration.ResourceBundleCondition)

   MongoAutoConfiguration:
      Did not match:
         - @ConditionalOnClass did not find required class 'com.mongodb.client.MongoClient' (OnClassCondition)

   MongoDataAutoConfiguration:
      Did not match:
         - @ConditionalOnClass did not find required class 'com.mongodb.client.MongoClient' (OnClassCondition)

   MongoReactiveAutoConfiguration:
      Did not match:
         - @ConditionalOnClass did not find required class 'com.mongodb.reactivestreams.client.MongoClient' (OnClassCondition)

   MongoReactiveDataAutoConfiguration:
      Did not match:
         - @ConditionalOnClass did not find required class 'com.mongodb.reactivestreams.client.MongoClient' (OnClassCondition)

   MongoReactiveRepositoriesAutoConfiguration:
      Did not match:
         - @ConditionalOnClass did not find required class 'com.mongodb.reactivestreams.client.MongoClient' (OnClassCondition)

   MongoRepositoriesAutoConfiguration:
      Did not match:
         - @ConditionalOnClass did not find required class 'com.mongodb.client.MongoClient' (OnClassCondition)

   MultipartAutoConfiguration:
      Did not match:
         - @ConditionalOnClass did not find required class 'jakarta.servlet.MultipartConfigElement' (OnClassCondition)

   MultipleOpenApiSupportConfiguration:
      Did not match:
         - AnyNestedCondition 0 matched 2 did not; NestedCondition on MultipleOpenApiSupportCondition.OnActuatorDifferentPort @ConditionalOnProperty (springdoc.show-actuator) did not find property 'springdoc.show-actuator'; NestedCondition on MultipleOpenApiSupportCondition.OnMultipleOpenApiSupportCondition AnyNestedCondition 0 matched 2 did not; NestedCondition on MultipleOpenApiGroupsCondition.OnGroupConfigProperty @ConditionalOnProperty (springdoc.group-configs[0].group) did not find property 'springdoc.group-configs[0].group'; NestedCondition on MultipleOpenApiGroupsCondition.OnGroupedOpenApiBean @ConditionalOnBean (types: org.springdoc.core.models.GroupedOpenApi; SearchStrategy: all) did not find any beans of type org.springdoc.core.models.GroupedOpenApi (MultipleOpenApiSupportCondition)
      Matched:
         - found ConfigurableReactiveWebEnvironment (OnWebApplicationCondition)
         - @ConditionalOnProperty (springdoc.api-docs.enabled) matched (OnPropertyCondition)

   MultipleOpenApiSupportConfiguration.SpringDocWebMvcActuatorDifferentConfiguration:
      Did not match:
         - @ConditionalOnClass did not find required class 'org.springframework.boot.actuate.endpoint.web.reactive.WebFluxEndpointHandlerMapping' (OnClassCondition)
         - Ancestor org.springdoc.webflux.core.configuration.MultipleOpenApiSupportConfiguration did not match (ConditionEvaluationReport.AncestorsMatchedCondition)

   MustacheAutoConfiguration:
      Did not match:
         - @ConditionalOnClass did not find required class 'com.samskivert.mustache.Mustache' (OnClassCondition)

   Neo4jAutoConfiguration:
      Did not match:
         - @ConditionalOnClass did not find required class 'org.neo4j.driver.Driver' (OnClassCondition)

   Neo4jDataAutoConfiguration:
      Did not match:
         - @ConditionalOnClass did not find required class 'org.neo4j.driver.Driver' (OnClassCondition)

   Neo4jReactiveDataAutoConfiguration:
      Did not match:
         - @ConditionalOnClass did not find required class 'org.neo4j.driver.Driver' (OnClassCondition)

   Neo4jReactiveRepositoriesAutoConfiguration:
      Did not match:
         - @ConditionalOnClass did not find required class 'org.neo4j.driver.Driver' (OnClassCondition)

   Neo4jRepositoriesAutoConfiguration:
      Did not match:
         - @ConditionalOnClass did not find required class 'org.neo4j.driver.Driver' (OnClassCondition)

   OAuth2AuthorizationServerAutoConfiguration:
      Did not match:
         - @ConditionalOnClass did not find required class 'org.springframework.security.oauth2.server.authorization.OAuth2Authorization' (OnClassCondition)

   OAuth2AuthorizationServerJwtAutoConfiguration:
      Did not match:
         - @ConditionalOnClass did not find required class 'org.springframework.security.oauth2.server.authorization.OAuth2Authorization' (OnClassCondition)

   OAuth2ClientAutoConfiguration:
      Did not match:
         - @ConditionalOnClass did not find required class 'org.springframework.security.oauth2.client.registration.ClientRegistration' (OnClassCondition)

   OAuth2ClientWebSecurityAutoConfiguration:
      Did not match:
         - @ConditionalOnClass did not find required class 'org.springframework.security.oauth2.client.web.OAuth2AuthorizedClientRepository' (OnClassCondition)

   OAuth2ResourceServerAutoConfiguration:
      Did not match:
         - @ConditionalOnClass did not find required class 'org.springframework.security.oauth2.server.resource.authentication.BearerTokenAuthenticationToken' (OnClassCondition)

   ProjectInfoAutoConfiguration#buildProperties:
      Did not match:
         - @ConditionalOnResource did not find resource '${spring.info.build.location:classpath:META-INF/build-info.properties}' (OnResourceCondition)

   ProjectInfoAutoConfiguration#gitProperties:
      Did not match:
         - GitResource did not find git info at classpath:git.properties (ProjectInfoAutoConfiguration.GitResourceAvailableCondition)

   PulsarAutoConfiguration:
      Did not match:
         - @ConditionalOnClass did not find required class 'org.apache.pulsar.client.api.PulsarClient' (OnClassCondition)

   PulsarReactiveAutoConfiguration:
      Did not match:
         - @ConditionalOnClass did not find required class 'org.apache.pulsar.client.api.PulsarClient' (OnClassCondition)

   QuartzAutoConfiguration:
      Did not match:
         - @ConditionalOnClass did not find required class 'org.quartz.Scheduler' (OnClassCondition)

   R2dbcProxyAutoConfiguration:
      Did not match:
         - @ConditionalOnClass did not find required class 'io.r2dbc.proxy.ProxyConnectionFactory' (OnClassCondition)

   RSocketGraphQlClientAutoConfiguration:
      Did not match:
         - @ConditionalOnClass did not find required class 'graphql.GraphQL' (OnClassCondition)

   RSocketMessagingAutoConfiguration:
      Did not match:
         - @ConditionalOnClass did not find required class 'io.rsocket.RSocket' (OnClassCondition)

   RSocketRequesterAutoConfiguration:
      Did not match:
         - @ConditionalOnClass did not find required class 'io.rsocket.RSocket' (OnClassCondition)

   RSocketSecurityAutoConfiguration:
      Did not match:
         - @ConditionalOnClass did not find required class 'org.springframework.security.rsocket.core.SecuritySocketAcceptorInterceptor' (OnClassCondition)

   RSocketServerAutoConfiguration:
      Did not match:
         - @ConditionalOnClass did not find required class 'io.rsocket.core.RSocketServer' (OnClassCondition)

   RSocketStrategiesAutoConfiguration:
      Did not match:
         - @ConditionalOnClass did not find required class 'io.rsocket.RSocket' (OnClassCondition)

   RabbitAutoConfiguration:
      Did not match:
         - @ConditionalOnClass did not find required class 'com.rabbitmq.client.Channel' (OnClassCondition)

   ReactiveElasticsearchClientAutoConfiguration:
      Did not match:
         - @ConditionalOnClass did not find required class 'co.elastic.clients.transport.ElasticsearchTransport' (OnClassCondition)

   ReactiveElasticsearchRepositoriesAutoConfiguration:
      Did not match:
         - @ConditionalOnClass did not find required class 'org.springframework.data.elasticsearch.client.elc.ReactiveElasticsearchClient' (OnClassCondition)

   ReactiveOAuth2ClientAutoConfiguration:
      Did not match:
         - @ConditionalOnClass did not find required class 'org.springframework.security.oauth2.client.registration.ClientRegistration' (OnClassCondition)

   ReactiveOAuth2ClientWebSecurityAutoConfiguration:
      Did not match:
         - @ConditionalOnClass did not find required class 'org.springframework.security.oauth2.client.web.server.ServerOAuth2AuthorizedClientRepository' (OnClassCondition)

   ReactiveOAuth2ResourceServerConfiguration.JwtConfiguration:
      Did not match:
         - @ConditionalOnClass did not find required classes 'org.springframework.security.oauth2.server.resource.authentication.BearerTokenAuthenticationToken', 'org.springframework.security.oauth2.jwt.ReactiveJwtDecoder' (OnClassCondition)

   ReactiveOAuth2ResourceServerConfiguration.OpaqueTokenConfiguration:
      Did not match:
         - @ConditionalOnClass did not find required classes 'org.springframework.security.oauth2.server.resource.authentication.BearerTokenAuthenticationToken', 'org.springframework.security.oauth2.server.resource.introspection.ReactiveOpaqueTokenIntrospector' (OnClassCondition)

   ReactiveSecurityAutoConfiguration.SpringBootWebFluxSecurityConfiguration#denyAllAuthenticationManager:
      Did not match:
         - @ConditionalOnMissingBean (types: org.springframework.security.authentication.ReactiveAuthenticationManager,org.springframework.security.core.userdetails.ReactiveUserDetailsService,org.springframework.security.web.server.SecurityWebFilterChain; SearchStrategy: all) found beans of type 'org.springframework.security.core.userdetails.ReactiveUserDetailsService' customReactiveUserDetailsServiceImp and found beans of type 'org.springframework.security.web.server.SecurityWebFilterChain' securityWebFilterChain and found beans of type 'org.springframework.security.authentication.ReactiveAuthenticationManager' reactiveAuthenticationManager (OnBeanCondition)

   ReactiveUserDetailsServiceAutoConfiguration:
      Did not match:
         - @ConditionalOnMissingBean (types: org.springframework.security.authentication.ReactiveAuthenticationManager,org.springframework.security.core.userdetails.ReactiveUserDetailsService,org.springframework.security.authentication.ReactiveAuthenticationManagerResolver,?; SearchStrategy: all) found beans of type 'org.springframework.security.core.userdetails.ReactiveUserDetailsService' customReactiveUserDetailsServiceImp and found beans of type 'org.springframework.security.authentication.ReactiveAuthenticationManager' reactiveAuthenticationManager (OnBeanCondition)
      Matched:
         - @ConditionalOnClass found required class 'org.springframework.security.authentication.ReactiveAuthenticationManager' (OnClassCondition)
         - AnyNestedCondition 1 matched 2 did not; NestedCondition on ReactiveUserDetailsServiceAutoConfiguration.MissingAlternativeOrUserPropertiesConfigured.PasswordConfigured @ConditionalOnProperty (spring.security.user.password) did not find property 'spring.security.user.password'; NestedCondition on ReactiveUserDetailsServiceAutoConfiguration.MissingAlternativeOrUserPropertiesConfigured.NameConfigured @ConditionalOnProperty (spring.security.user.name) did not find property 'spring.security.user.name'; NestedCondition on ReactiveUserDetailsServiceAutoConfiguration.MissingAlternativeOrUserPropertiesConfigured.MissingAlternative @ConditionalOnMissingClass did not find unwanted classes 'org.springframework.security.oauth2.client.registration.ClientRegistrationRepository', 'org.springframework.security.oauth2.server.resource.introspection.ReactiveOpaqueTokenIntrospector' (ReactiveUserDetailsServiceAutoConfiguration.MissingAlternativeOrUserPropertiesConfigured)
         - AnyNestedCondition 1 matched 1 did not; NestedCondition on ReactiveUserDetailsServiceAutoConfiguration.RSocketEnabledOrReactiveWebApplication.ReactiveWebApplicationCondition found ConfigurableReactiveWebEnvironment; NestedCondition on ReactiveUserDetailsServiceAutoConfiguration.RSocketEnabledOrReactiveWebApplication.RSocketSecurityEnabledCondition @ConditionalOnBean (types: ?; SearchStrategy: all) did not find any beans of type ? (ReactiveUserDetailsServiceAutoConfiguration.RSocketEnabledOrReactiveWebApplication)

   ReactiveWebServerFactoryAutoConfiguration#forwardedHeaderTransformer:
      Did not match:
         - @ConditionalOnProperty (server.forward-headers-strategy=framework) did not find property 'server.forward-headers-strategy' (OnPropertyCondition)

   ReactiveWebServerFactoryAutoConfiguration.TomcatConfiguration:
      Did not match:
         - @ConditionalOnClass did not find required class 'org.apache.catalina.startup.Tomcat' (OnClassCondition)

   ReactiveWebServerFactoryConfiguration.EmbeddedJetty:
      Did not match:
         - @ConditionalOnClass did not find required classes 'org.eclipse.jetty.server.Server', 'org.eclipse.jetty.ee10.servlet.ServletHolder' (OnClassCondition)

   ReactiveWebServerFactoryConfiguration.EmbeddedTomcat:
      Did not match:
         - @ConditionalOnClass did not find required class 'org.apache.catalina.startup.Tomcat' (OnClassCondition)

   ReactiveWebServerFactoryConfiguration.EmbeddedUndertow:
      Did not match:
         - @ConditionalOnClass did not find required class 'io.undertow.Undertow' (OnClassCondition)

   RedisAutoConfiguration:
      Did not match:
         - @ConditionalOnClass did not find required class 'org.springframework.data.redis.core.RedisOperations' (OnClassCondition)

   RedisCacheConfiguration:
      Did not match:
         - @ConditionalOnClass did not find required class 'org.springframework.data.redis.connection.RedisConnectionFactory' (OnClassCondition)

   RedisReactiveAutoConfiguration:
      Did not match:
         - @ConditionalOnClass did not find required class 'org.springframework.data.redis.connection.ReactiveRedisConnectionFactory' (OnClassCondition)

   RedisRepositoriesAutoConfiguration:
      Did not match:
         - @ConditionalOnClass did not find required class 'org.springframework.data.redis.repository.configuration.EnableRedisRepositories' (OnClassCondition)

   RepositoryRestMvcAutoConfiguration:
      Did not match:
         - @ConditionalOnClass did not find required class 'org.springframework.data.rest.webmvc.config.RepositoryRestMvcConfiguration' (OnClassCondition)

   RestClientAutoConfiguration:
      Did not match:
         - AnyNestedCondition 0 matched 2 did not; NestedCondition on NotReactiveWebApplicationOrVirtualThreadsExecutorEnabledCondition.VirtualThreadsExecutorEnabled found non-matching nested conditions @ConditionalOnThreading did not find VIRTUAL; NestedCondition on NotReactiveWebApplicationOrVirtualThreadsExecutorEnabledCondition.NotReactiveWebApplication NoneNestedConditions 1 matched 0 did not; NestedCondition on NotReactiveWebApplicationCondition.ReactiveWebApplication found ConfigurableReactiveWebEnvironment (NotReactiveWebApplicationOrVirtualThreadsExecutorEnabledCondition)
      Matched:
         - @ConditionalOnClass found required class 'org.springframework.web.client.RestClient' (OnClassCondition)

   RestTemplateAutoConfiguration:
      Did not match:
         - NoneNestedConditions 1 matched 0 did not; NestedCondition on NotReactiveWebApplicationCondition.ReactiveWebApplication found ConfigurableReactiveWebEnvironment (NotReactiveWebApplicationCondition)
      Matched:
         - @ConditionalOnClass found required class 'org.springframework.web.client.RestTemplate' (OnClassCondition)

   Saml2RelyingPartyAutoConfiguration:
      Did not match:
         - @ConditionalOnClass did not find required class 'org.springframework.security.saml2.provider.service.registration.RelyingPartyRegistrationRepository' (OnClassCondition)

   SecurityDataConfiguration:
      Did not match:
         - @ConditionalOnClass did not find required class 'org.springframework.security.data.repository.query.SecurityEvaluationContextExtension' (OnClassCondition)

   SecurityFilterAutoConfiguration:
      Did not match:
         - not a servlet web application (OnWebApplicationCondition)
      Matched:
         - @ConditionalOnClass found required classes 'org.springframework.security.web.context.AbstractSecurityWebApplicationInitializer', 'org.springframework.security.config.http.SessionCreationPolicy' (OnClassCondition)

   SendGridAutoConfiguration:
      Did not match:
         - @ConditionalOnClass did not find required class 'com.sendgrid.SendGrid' (OnClassCondition)

   ServletWebServerFactoryAutoConfiguration:
      Did not match:
         - @ConditionalOnClass did not find required class 'jakarta.servlet.ServletRequest' (OnClassCondition)

   SessionAutoConfiguration:
      Did not match:
         - @ConditionalOnClass did not find required class 'org.springframework.session.Session' (OnClassCondition)

   SpringApplicationAdminJmxAutoConfiguration:
      Did not match:
         - @ConditionalOnBooleanProperty (spring.application.admin.enabled=true) did not find property 'spring.application.admin.enabled' (OnPropertyCondition)

   SpringBootWebSecurityConfiguration:
      Did not match:
         - not a servlet web application (OnWebApplicationCondition)

   SpringDataWebAutoConfiguration:
      Did not match:
         - @ConditionalOnClass did not find required class 'org.springframework.web.servlet.config.annotation.WebMvcConfigurer' (OnClassCondition)

   SpringDocConfiguration#propertiesResolverForSchema:
      Did not match:
         - @ConditionalOnProperty (springdoc.api-docs.resolve-schema-properties) did not find property 'springdoc.api-docs.resolve-schema-properties' (OnPropertyCondition)

   SpringDocConfiguration#propertyCustomizingConverter:
      Did not match:
         - @ConditionalOnBean (types: org.springdoc.core.customizers.PropertyCustomizer; SearchStrategy: all) did not find any beans of type org.springdoc.core.customizers.PropertyCustomizer (OnBeanCondition)

   SpringDocConfiguration#springdocBeanFactoryPostProcessor:
      Did not match:
         - AnyNestedCondition 0 matched 2 did not; NestedCondition on CacheOrGroupedOpenApiCondition.OnCacheDisabled found non-matching nested conditions @ConditionalOnProperty (springdoc.cache.disabled) did not find property 'springdoc.cache.disabled'; NestedCondition on CacheOrGroupedOpenApiCondition.OnMultipleOpenApiSupportCondition AnyNestedCondition 0 matched 2 did not; NestedCondition on MultipleOpenApiSupportCondition.OnActuatorDifferentPort @ConditionalOnProperty (springdoc.show-actuator) did not find property 'springdoc.show-actuator'; NestedCondition on MultipleOpenApiSupportCondition.OnMultipleOpenApiSupportCondition AnyNestedCondition 0 matched 2 did not; NestedCondition on MultipleOpenApiGroupsCondition.OnGroupConfigProperty @ConditionalOnProperty (springdoc.group-configs[0].group) did not find property 'springdoc.group-configs[0].group'; NestedCondition on MultipleOpenApiGroupsCondition.OnGroupedOpenApiBean @ConditionalOnBean (types: org.springdoc.core.models.GroupedOpenApi; SearchStrategy: all) did not find any beans of type org.springdoc.core.models.GroupedOpenApi (CacheOrGroupedOpenApiCondition)
      Matched:
         - @ConditionalOnClass found required class 'org.springframework.boot.context.properties.bind.BindResult' (OnClassCondition)

   SpringDocConfiguration#springdocBeanFactoryPostProcessor2:
      Did not match:
         - @ConditionalOnMissingClass found unwanted class 'org.springframework.boot.context.properties.bind.BindResult' (OnClassCondition)

   SpringDocConfiguration.SpringDocActuatorConfiguration:
      Did not match:
         - @ConditionalOnClass did not find required class 'org.springframework.boot.actuate.autoconfigure.endpoint.web.WebEndpointProperties' (OnClassCondition)

   SpringDocConfiguration.SpringDocRepositoryRestConfiguration:
      Did not match:
         - @ConditionalOnClass did not find required class 'org.springframework.data.rest.core.config.RepositoryRestConfiguration' (OnClassCondition)

   SpringDocDataRestConfiguration:
      Did not match:
         - @ConditionalOnClass did not find required class 'org.springframework.data.rest.core.config.RepositoryRestConfiguration' (OnClassCondition)

   SpringDocFunctionCatalogConfiguration:
      Did not match:
         - @ConditionalOnClass did not find required class 'org.springframework.cloud.function.web.function.FunctionEndpointInitializer' (OnClassCondition)

   SpringDocGroovyConfiguration:
      Did not match:
         - @ConditionalOnClass did not find required class 'groovy.lang.MetaClass' (OnClassCondition)

   SpringDocHateoasConfiguration:
      Did not match:
         - @ConditionalOnClass did not find required class 'org.springframework.hateoas.server.LinkRelationProvider' (OnClassCondition)

   SpringDocJacksonKotlinModuleConfiguration:
      Did not match:
         - @ConditionalOnClass did not find required class 'com.fasterxml.jackson.module.kotlin.KotlinModule' (OnClassCondition)

   SpringDocJavadocConfiguration:
      Did not match:
         - @ConditionalOnClass did not find required class 'com.github.therapi.runtimejavadoc.CommentFormatter' (OnClassCondition)

   SpringDocKotlinxConfiguration:
      Did not match:
         - @ConditionalOnClass did not find required class 'kotlinx.coroutines.flow.Flow' (OnClassCondition)

   SpringDocSecurityConfiguration.SpringDocSecurityOAuth2Configuration:
      Did not match:
         - @ConditionalOnClass did not find required class 'org.springframework.security.oauth2.server.authorization.OAuth2AuthorizationService' (OnClassCondition)

   SpringDocSecurityConfiguration.SpringSecurityLoginEndpointConfiguration:
      Did not match:
         - @ConditionalOnClass did not find required class 'jakarta.servlet.Filter' (OnClassCondition)

   SpringDocSortConfiguration#delegatingMethodParameterCustomizer:
      Did not match:
         - @ConditionalOnMissingBean (types: org.springdoc.core.customizers.DelegatingMethodParameterCustomizer; SearchStrategy: all) found beans of type 'org.springdoc.core.customizers.DelegatingMethodParameterCustomizer' delegatingMethodParameterCustomizer (OnBeanCondition)

   SpringDocWebFluxConfiguration.SpringDocWebFluxActuatorConfiguration:
      Did not match:
         - @ConditionalOnClass did not find required class 'org.springframework.boot.actuate.endpoint.web.reactive.WebFluxEndpointHandlerMapping' (OnClassCondition)

   SwaggerConfig#springWebProvider:
      Did not match:
         - @ConditionalOnMissingBean (types: org.springdoc.core.providers.SpringWebProvider; SearchStrategy: all) found beans of type 'org.springdoc.core.providers.SpringWebProvider' springWebProvider (OnBeanCondition)

   SwaggerConfig#swaggerUiConfigParameters:
      Did not match:
         - @ConditionalOnMissingBean (types: org.springdoc.core.properties.SwaggerUiConfigParameters; SearchStrategy: all) found beans of type 'org.springdoc.core.properties.SwaggerUiConfigParameters' org.springdoc.core.properties.SwaggerUiConfigParameters (OnBeanCondition)

   SwaggerConfig#swaggerUiHome:
      Did not match:
         - @ConditionalOnProperty (springdoc.swagger-ui.use-root-path=true) did not find property 'springdoc.swagger-ui.use-root-path' (OnPropertyCondition)

   SwaggerConfig.SwaggerActuatorWelcomeConfiguration:
      Did not match:
         - @ConditionalOnClass did not find required class 'org.springframework.boot.actuate.endpoint.web.reactive.WebFluxEndpointHandlerMapping' (OnClassCondition)

   TaskExecutorConfigurations.SimpleAsyncTaskExecutorBuilderConfiguration#simpleAsyncTaskExecutorBuilderVirtualThreads:
      Did not match:
         - @ConditionalOnMissingBean (types: org.springframework.boot.task.SimpleAsyncTaskExecutorBuilder; SearchStrategy: all) found beans of type 'org.springframework.boot.task.SimpleAsyncTaskExecutorBuilder' simpleAsyncTaskExecutorBuilder (OnBeanCondition)

   TaskExecutorConfigurations.TaskExecutorConfiguration#applicationTaskExecutorVirtualThreads:
      Did not match:
         - @ConditionalOnThreading did not find VIRTUAL (OnThreadingCondition)

   TaskSchedulingAutoConfiguration#scheduledBeanLazyInitializationExcludeFilter:
      Did not match:
         - @ConditionalOnBean (names: org.springframework.context.annotation.internalScheduledAnnotationProcessor; SearchStrategy: all) did not find any beans named org.springframework.context.annotation.internalScheduledAnnotationProcessor (OnBeanCondition)

   TaskSchedulingConfigurations.SimpleAsyncTaskSchedulerBuilderConfiguration#simpleAsyncTaskSchedulerBuilderVirtualThreads:
      Did not match:
         - @ConditionalOnMissingBean (types: org.springframework.boot.task.SimpleAsyncTaskSchedulerBuilder; SearchStrategy: all) found beans of type 'org.springframework.boot.task.SimpleAsyncTaskSchedulerBuilder' simpleAsyncTaskSchedulerBuilder (OnBeanCondition)

   TaskSchedulingConfigurations.TaskSchedulerConfiguration:
      Did not match:
         - @ConditionalOnBean (names: org.springframework.context.annotation.internalScheduledAnnotationProcessor; SearchStrategy: all) did not find any beans named org.springframework.context.annotation.internalScheduledAnnotationProcessor (OnBeanCondition)

   ThymeleafAutoConfiguration:
      Did not match:
         - @ConditionalOnClass did not find required class 'org.thymeleaf.spring6.SpringTemplateEngine' (OnClassCondition)

   TransactionAutoConfiguration.AspectJTransactionManagementConfiguration:
      Did not match:
         - @ConditionalOnBean did not find required type 'org.springframework.transaction.aspectj.AbstractTransactionAspect' (OnBeanCondition)
         - @ConditionalOnBean (types: ?; SearchStrategy: all) did not find any beans of type ? (OnBeanCondition)

   TransactionAutoConfiguration.EnableTransactionManagementConfiguration.JdkDynamicAutoProxyConfiguration:
      Did not match:
         - @ConditionalOnBooleanProperty (spring.aop.proxy-target-class=false) did not find property 'spring.aop.proxy-target-class' (OnPropertyCondition)

   TransactionAutoConfiguration.TransactionTemplateConfiguration:
      Did not match:
         - @ConditionalOnSingleCandidate (types: org.springframework.transaction.PlatformTransactionManager; SearchStrategy: all) did not find any beans (OnBeanCondition)

   UserDetailsServiceAutoConfiguration:
      Did not match:
         - not a servlet web application (OnWebApplicationCondition)
      Matched:
         - @ConditionalOnClass found required class 'org.springframework.security.authentication.AuthenticationManager' (OnClassCondition)

   WebFluxAutoConfiguration#hiddenHttpMethodFilter:
      Did not match:
         - @ConditionalOnBooleanProperty (spring.webflux.hiddenmethod.filter.enabled=true) did not find property 'spring.webflux.hiddenmethod.filter.enabled' (OnPropertyCondition)

   WebFluxAutoConfiguration.ProblemDetailsErrorHandlingConfiguration:
      Did not match:
         - @ConditionalOnBooleanProperty (spring.webflux.problemdetails.enabled=true) did not find property 'spring.webflux.problemdetails.enabled' (OnPropertyCondition)

   WebFluxAutoConfiguration.ResourceChainCustomizerConfiguration:
      Did not match:
         - @ConditionalOnEnabledResourceChain did not find class org.webjars.WebJarVersionLocator (OnEnabledResourceChainCondition)

   WebMvcAutoConfiguration:
      Did not match:
         - @ConditionalOnClass did not find required class 'jakarta.servlet.Servlet' (OnClassCondition)

   WebServiceTemplateAutoConfiguration:
      Did not match:
         - @ConditionalOnClass did not find required class 'org.springframework.oxm.Marshaller' (OnClassCondition)

   WebServicesAutoConfiguration:
      Did not match:
         - @ConditionalOnClass did not find required class 'org.springframework.ws.transport.http.MessageDispatcherServlet' (OnClassCondition)

   WebSocketMessagingAutoConfiguration:
      Did not match:
         - @ConditionalOnClass did not find required class 'org.springframework.web.socket.config.annotation.WebSocketMessageBrokerConfigurer' (OnClassCondition)

   WebSocketReactiveAutoConfiguration:
      Did not match:
         - @ConditionalOnClass did not find required class 'jakarta.servlet.Servlet' (OnClassCondition)

   WebSocketServletAutoConfiguration:
      Did not match:
         - @ConditionalOnClass did not find required class 'jakarta.servlet.Servlet' (OnClassCondition)

   XADataSourceAutoConfiguration:
      Did not match:
         - @ConditionalOnClass did not find required class 'jakarta.transaction.TransactionManager' (OnClassCondition)


Exclusions:
-----------

    None


Unconditional classes:
----------------------

    org.springframework.boot.autoconfigure.context.ConfigurationPropertiesAutoConfiguration

    org.springframework.boot.autoconfigure.ssl.SslAutoConfiguration

    org.springframework.boot.autoconfigure.context.PropertyPlaceholderAutoConfiguration

    org.springframework.boot.autoconfigure.context.LifecycleAutoConfiguration

    org.springdoc.core.configuration.SpringDocSpecPropertiesConfiguration

    org.springframework.boot.autoconfigure.availability.ApplicationAvailabilityAutoConfiguration

    org.springframework.boot.autoconfigure.info.ProjectInfoAutoConfiguration



2026-04-13T09:26:34.077-05:00 ERROR 161371 --- [01-WebFlux] [main] o.s.boot.SpringApplication               : Application run failed

org.springframework.beans.factory.BeanCreationException: Error creating bean with name 'flywayInitializer' defined in class path resource [org/springframework/boot/autoconfigure/flyway/FlywayAutoConfiguration$FlywayConfiguration.class]: Unable to obtain connection from database: The connection attempt failed.
-------------------------------------------------------------------------
SQL State  : 08001
Error Code : 0
Message    : The connection attempt failed.

	at org.springframework.beans.factory.support.AbstractAutowireCapableBeanFactory.initializeBean(AbstractAutowireCapableBeanFactory.java:1826) ~[spring-beans-6.2.12.jar:6.2.12]
	at org.springframework.beans.factory.support.AbstractAutowireCapableBeanFactory.doCreateBean(AbstractAutowireCapableBeanFactory.java:607) ~[spring-beans-6.2.12.jar:6.2.12]
	at org.springframework.beans.factory.support.AbstractAutowireCapableBeanFactory.createBean(AbstractAutowireCapableBeanFactory.java:529) ~[spring-beans-6.2.12.jar:6.2.12]
	at org.springframework.beans.factory.support.AbstractBeanFactory.lambda$doGetBean$0(AbstractBeanFactory.java:339) ~[spring-beans-6.2.12.jar:6.2.12]
	at org.springframework.beans.factory.support.DefaultSingletonBeanRegistry.getSingleton(DefaultSingletonBeanRegistry.java:373) ~[spring-beans-6.2.12.jar:6.2.12]
	at org.springframework.beans.factory.support.AbstractBeanFactory.doGetBean(AbstractBeanFactory.java:337) ~[spring-beans-6.2.12.jar:6.2.12]
	at org.springframework.beans.factory.support.AbstractBeanFactory.getBean(AbstractBeanFactory.java:202) ~[spring-beans-6.2.12.jar:6.2.12]
	at org.springframework.beans.factory.support.DefaultListableBeanFactory.instantiateSingleton(DefaultListableBeanFactory.java:1228) ~[spring-beans-6.2.12.jar:6.2.12]
	at org.springframework.beans.factory.support.DefaultListableBeanFactory.preInstantiateSingleton(DefaultListableBeanFactory.java:1194) ~[spring-beans-6.2.12.jar:6.2.12]
	at org.springframework.beans.factory.support.DefaultListableBeanFactory.preInstantiateSingletons(DefaultListableBeanFactory.java:1130) ~[spring-beans-6.2.12.jar:6.2.12]
	at org.springframework.context.support.AbstractApplicationContext.finishBeanFactoryInitialization(AbstractApplicationContext.java:990) ~[spring-context-6.2.12.jar:6.2.12]
	at org.springframework.context.support.AbstractApplicationContext.refresh(AbstractApplicationContext.java:627) ~[spring-context-6.2.12.jar:6.2.12]
	at org.springframework.boot.web.reactive.context.ReactiveWebServerApplicationContext.refresh(ReactiveWebServerApplicationContext.java:66) ~[spring-boot-3.5.7.jar:3.5.7]
	at org.springframework.boot.SpringApplication.refresh(SpringApplication.java:752) ~[spring-boot-3.5.7.jar:3.5.7]
	at org.springframework.boot.SpringApplication.refreshContext(SpringApplication.java:439) ~[spring-boot-3.5.7.jar:3.5.7]
	at org.springframework.boot.SpringApplication.run(SpringApplication.java:318) ~[spring-boot-3.5.7.jar:3.5.7]
	at org.springframework.boot.SpringApplication.run(SpringApplication.java:1361) ~[spring-boot-3.5.7.jar:3.5.7]
	at org.springframework.boot.SpringApplication.run(SpringApplication.java:1350) ~[spring-boot-3.5.7.jar:3.5.7]
	at com.example.webflux.Application.main(Application.java:10) ~[classes/:na]
Caused by: org.flywaydb.core.internal.exception.sqlExceptions.FlywaySqlUnableToConnectToDbException: Unable to obtain connection from database: The connection attempt failed.
-------------------------------------------------------------------------
SQL State  : 08001
Error Code : 0
Message    : The connection attempt failed.

	at org.flywaydb.core.internal.jdbc.JdbcUtils.openConnection(JdbcUtils.java:70) ~[flyway-core-11.19.0.jar:na]
	at org.flywaydb.core.internal.jdbc.JdbcConnectionFactory.<init>(JdbcConnectionFactory.java:76) ~[flyway-core-11.19.0.jar:na]
	at org.flywaydb.core.FlywayExecutor.init(FlywayExecutor.java:273) ~[flyway-core-11.19.0.jar:na]
	at org.flywaydb.core.FlywayExecutor.execute(FlywayExecutor.java:118) ~[flyway-core-11.19.0.jar:na]
	at org.flywaydb.core.Flyway.migrate(Flyway.java:187) ~[flyway-core-11.19.0.jar:na]
	at org.springframework.boot.autoconfigure.flyway.FlywayMigrationInitializer.afterPropertiesSet(FlywayMigrationInitializer.java:66) ~[spring-boot-autoconfigure-3.5.7.jar:3.5.7]
	at org.springframework.beans.factory.support.AbstractAutowireCapableBeanFactory.invokeInitMethods(AbstractAutowireCapableBeanFactory.java:1873) ~[spring-beans-6.2.12.jar:6.2.12]
	at org.springframework.beans.factory.support.AbstractAutowireCapableBeanFactory.initializeBean(AbstractAutowireCapableBeanFactory.java:1822) ~[spring-beans-6.2.12.jar:6.2.12]
	... 18 common frames omitted
Caused by: org.postgresql.util.PSQLException: The connection attempt failed.
	at org.postgresql.core.v3.ConnectionFactoryImpl.openConnectionImpl(ConnectionFactoryImpl.java:385) ~[postgresql-42.7.8.jar:42.7.8]
	at org.postgresql.core.ConnectionFactory.openConnection(ConnectionFactory.java:57) ~[postgresql-42.7.8.jar:42.7.8]
	at org.postgresql.jdbc.PgConnection.<init>(PgConnection.java:279) ~[postgresql-42.7.8.jar:42.7.8]
	at org.postgresql.Driver.makeConnection(Driver.java:448) ~[postgresql-42.7.8.jar:42.7.8]
	at org.postgresql.Driver.connect(Driver.java:298) ~[postgresql-42.7.8.jar:42.7.8]
	at org.springframework.jdbc.datasource.SimpleDriverDataSource.getConnectionFromDriver(SimpleDriverDataSource.java:144) ~[spring-jdbc-6.2.12.jar:6.2.12]
	at org.springframework.jdbc.datasource.AbstractDriverBasedDataSource.getConnectionFromDriver(AbstractDriverBasedDataSource.java:205) ~[spring-jdbc-6.2.12.jar:6.2.12]
	at org.springframework.jdbc.datasource.AbstractDriverBasedDataSource.getConnection(AbstractDriverBasedDataSource.java:169) ~[spring-jdbc-6.2.12.jar:6.2.12]
	at org.flywaydb.core.internal.jdbc.JdbcUtils.openConnection(JdbcUtils.java:65) ~[flyway-core-11.19.0.jar:na]
	... 25 common frames omitted
Caused by: java.net.UnknownHostException: postgres
	at java.base/sun.nio.ch.NioSocketImpl.connect(NioSocketImpl.java:567) ~[na:na]
	at java.base/java.net.SocksSocketImpl.connect(SocksSocketImpl.java:327) ~[na:na]
	at java.base/java.net.Socket.connect(Socket.java:751) ~[na:na]
	at org.postgresql.core.PGStream.createSocket(PGStream.java:261) ~[postgresql-42.7.8.jar:42.7.8]
	at org.postgresql.core.PGStream.<init>(PGStream.java:122) ~[postgresql-42.7.8.jar:42.7.8]
	at org.postgresql.core.v3.ConnectionFactoryImpl.tryConnect(ConnectionFactoryImpl.java:146) ~[postgresql-42.7.8.jar:42.7.8]
	at org.postgresql.core.v3.ConnectionFactoryImpl.openConnectionImpl(ConnectionFactoryImpl.java:289) ~[postgresql-42.7.8.jar:42.7.8]
	... 33 common frames omitted

